{
    "version": "0.4",
    "title": "ClipUp - Blink Currency",
    "type": "section",
    "content": [
        {
            "id": "blink123",
            "elType": "section",
            "settings": {
                "background_background": "classic",
                "background_color": "#F8F9FA",
                "padding": {
                    "unit": "px",
                    "top": "80",
                    "right": "20",
                    "bottom": "80",
                    "left": "20"
                },
                "padding_tablet": {
                    "unit": "px",
                    "top": "60",
                    "right": "20",
                    "bottom": "60",
                    "left": "20"
                },
                "padding_mobile": {
                    "unit": "px",
                    "top": "40",
                    "right": "15",
                    "bottom": "40",
                    "left": "15"
                },
                "css_classes": "clipup-blink-currency"
            },
            "elements": [
                {
                    "id": "blink-col123",
                    "elType": "column",
                    "settings": {
                        "_column_size": 100,
                        "_inline_size": null
                    },
                    "elements": [
                        {
                            "id": "blink-header123",
                            "elType": "section",
                            "settings": {
                                "structure": "10",
                                "margin": {
                                    "unit": "px",
                                    "top": "0",
                                    "right": "0",
                                    "bottom": "40",
                                    "left": "0"
                                }
                            },
                            "elements": [
                                {
                                    "id": "blink-header-col",
                                    "elType": "column",
                                    "settings": {
                                        "_column_size": 100,
                                        "_inline_size": null
                                    },
                                    "elements": [
                                        {
                                            "id": "blink-title123",
                                            "elType": "widget",
                                            "settings": {
                                                "title": "Blink: A Moeda Que Simplifica Tudo",
                                                "header_size": "h2",
                                                "align": "center",
                                                "title_color": "#222222",
                                                "typography_typography": "custom",
                                                "typography_font_size": {
                                                    "unit": "px",
                                                    "size": 36,
                                                    "sizes": []
                                                },
                                                "typography_font_weight": "700",
                                                "typography_line_height": {
                                                    "unit": "em",
                                                    "size": 1.2,
                                                    "sizes": []
                                                },
                                                "_margin": {
                                                    "unit": "px",
                                                    "top": "0",
                                                    "right": "0",
                                                    "bottom": "20",
                                                    "left": "0",
                                                    "isLinked": false
                                                },
                                                "typography_font_size_tablet": {
                                                    "unit": "px",
                                                    "size": 32,
                                                    "sizes": []
                                                },
                                                "typography_font_size_mobile": {
                                                    "unit": "px",
                                                    "size": 28,
                                                    "sizes": []
                                                }
                                            },
                                            "widgetType": "heading"
                                        },
                                        {
                                            "id": "blink-desc123",
                                            "elType": "widget",
                                            "settings": {
                                                "editor": "<p style=\"text-align: center; font-size: 18px; color: #666; max-width: 800px; margin: 0 auto 20px;\">Esqueça boletos, taxas ocultas e negociações confusas. A Blink é a moeda oficial da plataforma, criada para tornar cada pagamento simples, seguro e rápido.</p>",
                                                "_margin": {
                                                    "unit": "px",
                                                    "top": "0",
                                                    "right": "0",
                                                    "bottom": "20",
                                                    "left": "0"
                                                }
                                            },
                                            "widgetType": "text-editor"
                                        }
                                    ]
                                }
                            ]
                        },
                        {
                            "id": "blink-main123",
                            "elType": "section",
                            "settings": {
                                "structure": "20",
                                "margin": {
                                    "unit": "px",
                                    "top": "0",
                                    "right": "0",
                                    "bottom": "0",
                                    "left": "0"
                                }
                            },
                            "elements": [
                                {
                                    "id": "blink-main-col-left",
                                    "elType": "column",
                                    "settings": {
                                        "_column_size": 50,
                                        "_inline_size": null,
                                        "padding": {
                                            "unit": "px",
                                            "top": "10",
                                            "right": "20",
                                            "bottom": "10",
                                            "left": "10"
                                        }
                                    },
                                    "elements": [
                                        {
                                            "id": "blink-how123",
                                            "elType": "widget",
                                            "settings": {
                                                "editor": "<div class=\"clipup-card clipup-animate\" style=\"background-color: #fff; border-radius: 16px; overflow: hidden; box-shadow: 0 4px 20px rgba(0, 0, 0, 0.05); padding: 30px; border: 1px solid #eee; margin-bottom: 24px;\">\n  <h3 style=\"font-size: 20px; font-weight: 700; margin-bottom: 16px;\">Como Funciona:</h3>\n  <ul style=\"list-style-type: none; padding: 0; margin: 0;\">\n    <li style=\"display: flex; align-items: flex-start; margin-bottom: 16px;\">\n      <div style=\"color: var(--e-global-color-primary); margin-right: 12px; min-width: 20px;\">\n        <i class=\"fas fa-coins\"></i>\n      </div>\n      <div>\n        <h4 style=\"font-size: 16px; font-weight: 600; margin: 0 0 4px 0;\">1 Blink = R$ 0,10</h4>\n        <p style=\"font-size: 14px; color: #666; margin: 0;\">Valor de referência para todos os cálculos na plataforma</p>\n      </div>\n    </li>\n    \n    <li style=\"display: flex; align-items: flex-start; margin-bottom: 16px;\">\n      <div style=\"color: var(--e-global-color-primary); margin-right: 12px; min-width: 20px;\">\n        <i class=\"fas fa-check-circle\"></i>\n      </div>\n      <div>\n        <h4 style=\"font-size: 16px; font-weight: 600; margin: 0 0 4px 0;\">Você recebe em Blink a cada entrega aprovada</h4>\n        <p style=\"font-size: 14px; color: #666; margin: 0;\">Sem burocracia ou atrasos, direto no seu saldo</p>\n      </div>\n    </li>\n    \n    <li style=\"display: flex; align-items: flex-start; margin-bottom: 16px;\">\n      <div style=\"color: var(--e-global-color-primary); margin-right: 12px; min-width: 20px;\">\n        <i class=\"fas fa-wallet\"></i>\n      </div>\n      <div>\n        <h4 style=\"font-size: 16px; font-weight: 600; margin: 0 0 4px 0;\">Pode acumular e sacar em reais quando quiser</h4>\n        <p style=\"font-size: 14px; color: #666; margin: 0;\">Transferência direto para sua conta bancária ou PIX</p>\n      </div>\n    </li>\n    \n    <li style=\"display: flex; align-items: flex-start;\">\n      <div style=\"color: var(--e-global-color-primary); margin-right: 12px; min-width: 20px;\">\n        <i class=\"fas fa-sync-alt\"></i>\n      </div>\n      <div>\n        <h4 style=\"font-size: 16px; font-weight: 600; margin: 0 0 4px 0;\">Ou usar seus Blinks para contratar outros serviços</h4>\n        <p style=\"font-size: 14px; color: #666; margin: 0;\">Circule na economia criativa da plataforma</p>\n      </div>\n    </li>\n  </ul>\n</div>",
                                                "_margin": {
                                                    "unit": "px",
                                                    "top": "0",
                                                    "right": "0",
                                                    "bottom": "20",
                                                    "left": "0"
                                                },
                                                "_padding": {
                                                    "unit": "px",
                                                    "top": "0",
                                                    "right": "0",
                                                    "bottom": "0",
                                                    "left": "0"
                                                }
                                            },
                                            "widgetType": "text-editor"
                                        },
                                        {
                                            "id": "blink-why123",
                                            "elType": "widget",
                                            "settings": {
                                                "editor": "<div class=\"clipup-card clipup-animate\" style=\"background-color: #fff; border-radius: 16px; overflow: hidden; box-shadow: 0 4px 20px rgba(0, 0, 0, 0.05); padding: 30px; border: 1px solid #eee;\">\n  <h3 style=\"font-size: 20px; font-weight: 700; margin-bottom: 16px;\">Por que é inovador?</h3>\n  \n  <div style=\"display: grid; grid-template-columns: 1fr 1fr; gap: 16px;\">\n    <div style=\"display: flex; align-items: flex-start;\">\n      <div style=\"color: var(--e-global-color-primary); margin-right: 12px; min-width: 20px;\">\n        <i class=\"fas fa-bolt\"></i>\n      </div>\n      <div>\n        <p style=\"font-size: 14px; margin: 0;\">Pagamentos instantâneos e automáticos</p>\n      </div>\n    </div>\n    \n    <div style=\"display: flex; align-items: flex-start;\">\n      <div style=\"color: var(--e-global-color-primary); margin-right: 12px; min-width: 20px;\">\n        <i class=\"fas fa-ban\"></i>\n      </div>\n      <div>\n        <p style=\"font-size: 14px; margin: 0;\">Sem intermediários ou surpresas</p>\n      </div>\n    </div>\n    \n    <div style=\"display: flex; align-items: flex-start;\">\n      <div style=\"color: var(--e-global-color-primary); margin-right: 12px; min-width: 20px;\">\n        <i class=\"fas fa-lock\"></i>\n      </div>\n      <div>\n        <p style=\"font-size: 14px; margin: 0;\">Transações seguras e rastreáveis</p>\n      </div>\n    </div>\n    \n    <div style=\"display: flex; align-items: flex-start;\">\n      <div style=\"color: var(--e-global-color-primary); margin-right: 12px; min-width: 20px;\">\n        <i class=\"fas fa-chart-bar\"></i>\n      </div>\n      <div>\n        <p style=\"font-size: 14px; margin: 0;\">Valorização periódica programada</p>\n      </div>\n    </div>\n  </div>\n</div>",
                                                "_margin": {
                                                    "unit": "px",
                                                    "top": "0",
                                                    "right": "0",
                                                    "bottom": "0",
                                                    "left": "0"
                                                },
                                                "_padding": {
                                                    "unit": "px",
                                                    "top": "0",
                                                    "right": "0",
                                                    "bottom": "0",
                                                    "left": "0"
                                                }
                                            },
                                            "widgetType": "text-editor"
                                        }
                                    ]
                                },
                                {
                                    "id": "blink-main-col-right",
                                    "elType": "column",
                                    "settings": {
                                        "_column_size": 50,
                                        "_inline_size": null,
                                        "padding": {
                                            "unit": "px",
                                            "top": "10",
                                            "right": "10",
                                            "bottom": "10",
                                            "left": "20"
                                        }
                                    },
                                    "elements": [
                                        {
                                            "id": "blink-display123",
                                            "elType": "widget",
                                            "settings": {
                                                "editor": "<div class=\"clipup-card clipup-animate\" style=\"background-color: #fff; background-image: linear-gradient(135deg, rgba(var(--e-global-color-primary-rgb), 0.05) 0%, transparent 100%); border-radius: 16px; overflow: hidden; box-shadow: 0 4px 20px rgba(0, 0, 0, 0.05); padding: 30px; border: 1px solid #eee; position: relative; height: 520px; display: flex; flex-direction: column; justify-content: center; align-items: center;\">\n  <div style=\"position: absolute; top: 20px; right: 20px; background-color: var(--e-global-color-primary); color: white; font-size: 12px; font-weight: 600; padding: 4px 8px; border-radius: 4px;\">\n    1 Blink = R$ 0,10\n  </div>\n  \n  <div class=\"clipup-pulse\" style=\"width: 220px; height: 220px; background-color: var(--e-global-color-primary); border-radius: 50%; display: flex; justify-content: center; align-items: center; margin-bottom: 30px; box-shadow: 0 10px 30px rgba(var(--e-global-color-primary-rgb), 0.3);\">\n    <div style=\"font-size: 80px; font-weight: 800; color: white;\">B</div>\n  </div>\n  \n  <div style=\"text-align: center; max-width: 300px;\">\n    <h3 style=\"font-size: 28px; font-weight: 700; margin-bottom: 10px;\">Blink Currency</h3>\n    <p style=\"font-size: 16px; color: #666; margin-bottom: 20px;\">A moeda digital que valoriza seu talento em tempo real</p>\n    \n    <div style=\"display: flex; justify-content: center; gap: 10px; margin-bottom: 20px;\">\n      <div style=\"width: 8px; height: 8px; background-color: var(--e-global-color-primary); border-radius: 50%;\"></div>\n      <div style=\"width: 8px; height: 8px; background-color: rgba(var(--e-global-color-primary-rgb), 0.6); border-radius: 50%;\"></div>\n      <div style=\"width: 8px; height: 8px; background-color: rgba(var(--e-global-color-primary-rgb), 0.3); border-radius: 50%;\"></div>\n    </div>\n    \n    <a href=\"#\" class=\"clipup-hover\" style=\"display: inline-flex; align-items: center; background-color: var(--e-global-color-primary); color: white; font-weight: 500; padding: 10px 20px; border-radius: 8px; text-decoration: none; box-shadow: 0 4px 14px rgba(var(--e-global-color-primary-rgb), 0.3);\">\n      Saiba mais sobre Blinks\n      <i class=\"fas fa-arrow-right\" style=\"margin-left: 8px;\"></i>\n    </a>\n  </div>\n  \n  <div style=\"position: absolute; bottom: -20px; left: -20px; transform: rotate(-15deg);\" class=\"clipup-rotate-slow\">\n    <div style=\"width: 60px; height: 60px; background-color: var(--e-global-color-primary); border-radius: 50%; display: flex; justify-content: center; align-items: center; color: white; font-weight: 700; font-size: 16px; box-shadow: 0 4px 10px rgba(var(--e-global-color-primary-rgb), 0.3);\">B</div>\n  </div>\n  \n  <div style=\"position: absolute; top: 100px; left: -10px; transform: rotate(10deg);\" class=\"clipup-float\">\n    <div style=\"width: 40px; height: 40px; background-color: rgba(var(--e-global-color-primary-rgb), 0.7); border-radius: 50%; display: flex; justify-content: center; align-items: center; color: white; font-weight: 700; font-size: 14px; box-shadow: 0 4px 10px rgba(var(--e-global-color-primary-rgb), 0.3);\">B</div>\n  </div>\n  \n  <div style=\"position: absolute; top: 60px; right: 60px; transform: rotate(-5deg);\" class=\"clipup-float\">\n    <div style=\"width: 30px; height: 30px; background-color: rgba(var(--e-global-color-primary-rgb), 0.5); border-radius: 50%; display: flex; justify-content: center; align-items: center; color: white; font-weight: 700; font-size: 12px; box-shadow: 0 4px 10px rgba(var(--e-global-color-primary-rgb), 0.3);\">B</div>\n  </div>\n</div>",
                                                "_margin": {
                                                    "unit": "px",
                                                    "top": "0",
                                                    "right": "0",
                                                    "bottom": "0",
                                                    "left": "0"
                                                },
                                                "_padding": {
                                                    "unit": "px",
                                                    "top": "0",
                                                    "right": "0",
                                                    "bottom": "0",
                                                    "left": "0"
                                                }
                                            },
                                            "widgetType": "text-editor"
                                        }
                                    ]
                                }
                            ]
                        }
                    ]
                }
            ]
        }
    ]
}