{
    "version": "0.4",
    "title": "ClipUp - Cards de Benefícios",
    "type": "section",
    "content": [
        {
            "id": "cbene123",
            "elType": "section",
            "settings": {
                "background_background": "classic",
                "background_color": "#FFFFFF",
                "padding": {
                    "unit": "px",
                    "top": "60",
                    "right": "20",
                    "bottom": "60",
                    "left": "20"
                },
                "padding_tablet": {
                    "unit": "px",
                    "top": "40",
                    "right": "20",
                    "bottom": "40",
                    "left": "20"
                },
                "padding_mobile": {
                    "unit": "px",
                    "top": "30",
                    "right": "15",
                    "bottom": "30",
                    "left": "15"
                },
                "css_classes": "clipup-cards-beneficios clipup-stagger-container"
            },
            "elements": [
                {
                    "id": "cbene-col123",
                    "elType": "column",
                    "settings": {
                        "_column_size": 100,
                        "_inline_size": null
                    },
                    "elements": [
                        {
                            "id": "cbene-grid123",
                            "elType": "section",
                            "settings": {
                                "structure": "30",
                                "margin": {
                                    "unit": "px",
                                    "top": "0",
                                    "right": "0",
                                    "bottom": "0",
                                    "left": "0"
                                }
                            },
                            "elements": [
                                {
                                    "id": "cbene-card1-col",
                                    "elType": "column",
                                    "settings": {
                                        "_column_size": 33,
                                        "_inline_size": null,
                                        "padding": {
                                            "unit": "px",
                                            "top": "10",
                                            "right": "10",
                                            "bottom": "10",
                                            "left": "10"
                                        }
                                    },
                                    "elements": [
                                        {
                                            "id": "cbene-card1",
                                            "elType": "widget",
                                            "settings": {
                                                "editor": "<div class=\"clipup-card clipup-animate\" style=\"background-color: rgba(var(--e-global-color-primary-rgb), 0.05); border: 1px solid rgba(var(--e-global-color-primary-rgb), 0.2); border-radius: 12px; padding: 24px; box-shadow: 0 4px 6px rgba(0, 0, 0, 0.05);\">\n  <div style=\"margin-bottom: 16px; color: var(--e-global-color-primary); font-size: 24px;\">\n    <i class=\"fas fa-video\" style=\"background-color: rgba(var(--e-global-color-primary-rgb), 0.1); padding: 12px; border-radius: 50%; display: inline-block;\"></i>\n  </div>\n  <h3 style=\"font-size: 20px; font-weight: 700; margin-bottom: 8px;\">Conversão em Vendas</h3>\n  <p style=\"color: #666; margin-bottom: 16px;\">Vídeos de depoimento aumentam em até 70% a conversão de páginas de vendas e formulários de contato.</p>\n  \n  <div style=\"padding-top: 16px; border-top: 1px solid rgba(0, 0, 0, 0.1); display: flex; justify-content: space-between; align-items: center;\">\n    <span style=\"font-size: 14px; color: #777;\">Recomendado para PMEs</span>\n    <a href=\"#\" style=\"color: var(--e-global-color-primary); font-size: 14px; font-weight: 500; display: inline-flex; align-items: center;\">\n      Saiba mais <i class=\"fas fa-arrow-right\" style=\"margin-left: 5px; font-size: 12px;\"></i>\n    </a>\n  </div>\n</div>",
                                                "_margin": {
                                                    "unit": "px",
                                                    "top": "0",
                                                    "right": "0",
                                                    "bottom": "0",
                                                    "left": "0"
                                                },
                                                "_padding": {
                                                    "unit": "px",
                                                    "top": "0",
                                                    "right": "0",
                                                    "bottom": "0",
                                                    "left": "0"
                                                }
                                            },
                                            "widgetType": "text-editor"
                                        }
                                    ]
                                },
                                {
                                    "id": "cbene-card2-col",
                                    "elType": "column",
                                    "settings": {
                                        "_column_size": 33,
                                        "_inline_size": null,
                                        "padding": {
                                            "unit": "px",
                                            "top": "10",
                                            "right": "10",
                                            "bottom": "10",
                                            "left": "10"
                                        }
                                    },
                                    "elements": [
                                        {
                                            "id": "cbene-card2",
                                            "elType": "widget",
                                            "settings": {
                                                "editor": "<div class=\"clipup-card clipup-animate\" style=\"background-color: rgba(var(--e-global-color-primary-rgb), 0.05); border: 1px solid rgba(var(--e-global-color-primary-rgb), 0.2); border-radius: 12px; padding: 24px; box-shadow: 0 4px 6px rgba(0, 0, 0, 0.05);\">\n  <div style=\"margin-bottom: 16px; color: var(--e-global-color-primary); font-size: 24px;\">\n    <i class=\"fas fa-microphone\" style=\"background-color: rgba(var(--e-global-color-primary-rgb), 0.1); padding: 12px; border-radius: 50%; display: inline-block;\"></i>\n  </div>\n  <h3 style=\"font-size: 20px; font-weight: 700; margin-bottom: 8px;\">Mais Engajamento</h3>\n  <p style=\"color: #666; margin-bottom: 16px;\">Unboxings geram até 3x mais engajamento que fotos estáticas nas redes, aumentando alcance orgânico.</p>\n  \n  <div style=\"padding-top: 16px; border-top: 1px solid rgba(0, 0, 0, 0.1); display: flex; justify-content: space-between; align-items: center;\">\n    <span style=\"font-size: 14px; color: #777;\">Perfeito para grandes marcas</span>\n    <a href=\"#\" style=\"color: var(--e-global-color-primary); font-size: 14px; font-weight: 500; display: inline-flex; align-items: center;\">\n      Saiba mais <i class=\"fas fa-arrow-right\" style=\"margin-left: 5px; font-size: 12px;\"></i>\n    </a>\n  </div>\n</div>",
                                                "_margin": {
                                                    "unit": "px",
                                                    "top": "0",
                                                    "right": "0",
                                                    "bottom": "0",
                                                    "left": "0"
                                                },
                                                "_padding": {
                                                    "unit": "px",
                                                    "top": "0",
                                                    "right": "0",
                                                    "bottom": "0",
                                                    "left": "0"
                                                }
                                            },
                                            "widgetType": "text-editor"
                                        }
                                    ]
                                },
                                {
                                    "id": "cbene-card3-col",
                                    "elType": "column",
                                    "settings": {
                                        "_column_size": 33,
                                        "_inline_size": null,
                                        "padding": {
                                            "unit": "px",
                                            "top": "10",
                                            "right": "10",
                                            "bottom": "10",
                                            "left": "10"
                                        }
                                    },
                                    "elements": [
                                        {
                                            "id": "cbene-card3",
                                            "elType": "widget",
                                            "settings": {
                                                "editor": "<div class=\"clipup-card clipup-animate\" style=\"background-color: rgba(var(--e-global-color-primary-rgb), 0.05); border: 1px solid rgba(var(--e-global-color-primary-rgb), 0.2); border-radius: 12px; padding: 24px; box-shadow: 0 4px 6px rgba(0, 0, 0, 0.05);\">\n  <div style=\"margin-bottom: 16px; color: var(--e-global-color-primary); font-size: 24px;\">\n    <i class=\"fas fa-mobile-alt\" style=\"background-color: rgba(var(--e-global-color-primary-rgb), 0.1); padding: 12px; border-radius: 50%; display: inline-block;\"></i>\n  </div>\n  <h3 style=\"font-size: 20px; font-weight: 700; margin-bottom: 8px;\">Conexão Humana</h3>\n  <p style=\"color: #666; margin-bottom: 16px;\">Pessoas confiam em rostos mais do que em logos. Use o poder da conexão humana a favor da sua marca.</p>\n  \n  <div style=\"padding-top: 16px; border-top: 1px solid rgba(0, 0, 0, 0.1); display: flex; justify-content: space-between; align-items: center;\">\n    <span style=\"font-size: 14px; color: #777;\">Recomendado para PMEs</span>\n    <a href=\"#\" style=\"color: var(--e-global-color-primary); font-size: 14px; font-weight: 500; display: inline-flex; align-items: center;\">\n      Saiba mais <i class=\"fas fa-arrow-right\" style=\"margin-left: 5px; font-size: 12px;\"></i>\n    </a>\n  </div>\n</div>",
                                                "_margin": {
                                                    "unit": "px",
                                                    "top": "0",
                                                    "right": "0",
                                                    "bottom": "0",
                                                    "left": "0"
                                                },
                                                "_padding": {
                                                    "unit": "px",
                                                    "top": "0",
                                                    "right": "0",
                                                    "bottom": "0",
                                                    "left": "0"
                                                }
                                            },
                                            "widgetType": "text-editor"
                                        }
                                    ]
                                }
                            ]
                        },
                        {
                            "id": "cbene-grid2-123",
                            "elType": "section",
                            "settings": {
                                "structure": "30",
                                "margin": {
                                    "unit": "px",
                                    "top": "0",
                                    "right": "0",
                                    "bottom": "0",
                                    "left": "0"
                                }
                            },
                            "elements": [
                                {
                                    "id": "cbene-card4-col",
                                    "elType": "column",
                                    "settings": {
                                        "_column_size": 33,
                                        "_inline_size": null,
                                        "padding": {
                                            "unit": "px",
                                            "top": "10",
                                            "right": "10",
                                            "bottom": "10",
                                            "left": "10"
                                        }
                                    },
                                    "elements": [
                                        {
                                            "id": "cbene-card4",
                                            "elType": "widget",
                                            "settings": {
                                                "editor": "<div class=\"clipup-card clipup-animate\" style=\"background-color: rgba(var(--e-global-color-secondary-rgb), 0.05); border: 1px solid rgba(var(--e-global-color-secondary-rgb), 0.2); border-radius: 12px; padding: 24px; box-shadow: 0 4px 6px rgba(0, 0, 0, 0.05);\">\n  <div style=\"margin-bottom: 16px; color: var(--e-global-color-secondary); font-size: 24px;\">\n    <i class=\"fas fa-coins\" style=\"background-color: rgba(var(--e-global-color-secondary-rgb), 0.1); padding: 12px; border-radius: 50%; display: inline-block;\"></i>\n  </div>\n  <h3 style=\"font-size: 20px; font-weight: 700; margin-bottom: 8px;\">Custo-Benefício</h3>\n  <p style=\"color: #666; margin-bottom: 16px;\">Produção profissional sem os custos de uma agência. Você define o orçamento e mantém controle total.</p>\n  \n  <div style=\"padding-top: 16px; border-top: 1px solid rgba(0, 0, 0, 0.1); display: flex; justify-content: space-between; align-items: center;\">\n    <span style=\"font-size: 14px; color: #777;\">Perfeito para grandes marcas</span>\n    <a href=\"#\" style=\"color: var(--e-global-color-secondary); font-size: 14px; font-weight: 500; display: inline-flex; align-items: center;\">\n      Saiba mais <i class=\"fas fa-arrow-right\" style=\"margin-left: 5px; font-size: 12px;\"></i>\n    </a>\n  </div>\n</div>",
                                                "_margin": {
                                                    "unit": "px",
                                                    "top": "0",
                                                    "right": "0",
                                                    "bottom": "0",
                                                    "left": "0"
                                                },
                                                "_padding": {
                                                    "unit": "px",
                                                    "top": "0",
                                                    "right": "0",
                                                    "bottom": "0",
                                                    "left": "0"
                                                }
                                            },
                                            "widgetType": "text-editor"
                                        }
                                    ]
                                },
                                {
                                    "id": "cbene-card5-col",
                                    "elType": "column",
                                    "settings": {
                                        "_column_size": 33,
                                        "_inline_size": null,
                                        "padding": {
                                            "unit": "px",
                                            "top": "10",
                                            "right": "10",
                                            "bottom": "10",
                                            "left": "10"
                                        }
                                    },
                                    "elements": [
                                        {
                                            "id": "cbene-card5",
                                            "elType": "widget",
                                            "settings": {
                                                "editor": "<div class=\"clipup-card clipup-animate\" style=\"background-color: rgba(var(--e-global-color-secondary-rgb), 0.05); border: 1px solid rgba(var(--e-global-color-secondary-rgb), 0.2); border-radius: 12px; padding: 24px; box-shadow: 0 4px 6px rgba(0, 0, 0, 0.05);\">\n  <div style=\"margin-bottom: 16px; color: var(--e-global-color-secondary); font-size: 24px;\">\n    <i class=\"fas fa-home\" style=\"background-color: rgba(var(--e-global-color-secondary-rgb), 0.1); padding: 12px; border-radius: 50%; display: inline-block;\"></i>\n  </div>\n  <h3 style=\"font-size: 20px; font-weight: 700; margin-bottom: 8px;\">Casos de Uso Reais</h3>\n  <p style=\"color: #666; margin-bottom: 16px;\">E-commerces aumentam vendas com depoimentos autênticos. Startups validam confiança com vídeos de criadores.</p>\n  \n  <div style=\"padding-top: 16px; border-top: 1px solid rgba(0, 0, 0, 0.1); display: flex; justify-content: space-between; align-items: center;\">\n    <span style=\"font-size: 14px; color: #777;\">Recomendado para PMEs</span>\n    <a href=\"#\" style=\"color: var(--e-global-color-secondary); font-size: 14px; font-weight: 500; display: inline-flex; align-items: center;\">\n      Saiba mais <i class=\"fas fa-arrow-right\" style=\"margin-left: 5px; font-size: 12px;\"></i>\n    </a>\n  </div>\n</div>",
                                                "_margin": {
                                                    "unit": "px",
                                                    "top": "0",
                                                    "right": "0",
                                                    "bottom": "0",
                                                    "left": "0"
                                                },
                                                "_padding": {
                                                    "unit": "px",
                                                    "top": "0",
                                                    "right": "0",
                                                    "bottom": "0",
                                                    "left": "0"
                                                }
                                            },
                                            "widgetType": "text-editor"
                                        }
                                    ]
                                },
                                {
                                    "id": "cbene-card6-col",
                                    "elType": "column",
                                    "settings": {
                                        "_column_size": 33,
                                        "_inline_size": null,
                                        "padding": {
                                            "unit": "px",
                                            "top": "10",
                                            "right": "10",
                                            "bottom": "10",
                                            "left": "10"
                                        }
                                    },
                                    "elements": [
                                        {
                                            "id": "cbene-card6",
                                            "elType": "widget",
                                            "settings": {
                                                "editor": "<div class=\"clipup-card clipup-animate\" style=\"background-color: rgba(var(--e-global-color-secondary-rgb), 0.05); border: 1px solid rgba(var(--e-global-color-secondary-rgb), 0.2); border-radius: 12px; padding: 24px; box-shadow: 0 4px 6px rgba(0, 0, 0, 0.05);\">\n  <div style=\"margin-bottom: 16px; color: var(--e-global-color-secondary); font-size: 24px;\">\n    <i class=\"fas fa-globe\" style=\"background-color: rgba(var(--e-global-color-secondary-rgb), 0.1); padding: 12px; border-radius: 50%; display: inline-block;\"></i>\n  </div>\n  <h3 style=\"font-size: 20px; font-weight: 700; margin-bottom: 8px;\">Escala Global</h3>\n  <p style=\"color: #666; margin-bottom: 16px;\">Acesse criadores em diferentes regiões e idiomas para expandir o alcance de sua marca em novos mercados.</p>\n  \n  <div style=\"padding-top: 16px; border-top: 1px solid rgba(0, 0, 0, 0.1); display: flex; justify-content: space-between; align-items: center;\">\n    <span style=\"font-size: 14px; color: #777;\">Perfeito para grandes marcas</span>\n    <a href=\"#\" style=\"color: var(--e-global-color-secondary); font-size: 14px; font-weight: 500; display: inline-flex; align-items: center;\">\n      Saiba mais <i class=\"fas fa-arrow-right\" style=\"margin-left: 5px; font-size: 12px;\"></i>\n    </a>\n  </div>\n</div>",
                                                "_margin": {
                                                    "unit": "px",
                                                    "top": "0",
                                                    "right": "0",
                                                    "bottom": "0",
                                                    "left": "0"
                                                },
                                                "_padding": {
                                                    "unit": "px",
                                                    "top": "0",
                                                    "right": "0",
                                                    "bottom": "0",
                                                    "left": "0"
                                                }
                                            },
                                            "widgetType": "text-editor"
                                        }
                                    ]
                                }
                            ]
                        }
                    ]
                }
            ]
        }
    ]
}