{
    "version": "0.4",
    "title": "ClipUp - CTA Section",
    "type": "section",
    "content": [
        {
            "id": "cta123",
            "elType": "section",
            "settings": {
                "background_background": "classic",
                "background_color": "#F8F9FA",
                "padding": {
                    "unit": "px",
                    "top": "100",
                    "right": "20",
                    "bottom": "100",
                    "left": "20"
                },
                "padding_tablet": {
                    "unit": "px",
                    "top": "80",
                    "right": "20",
                    "bottom": "80",
                    "left": "20"
                },
                "padding_mobile": {
                    "unit": "px",
                    "top": "60",
                    "right": "15",
                    "bottom": "60",
                    "left": "15"
                },
                "css_classes": "clipup-cta-section",
                "background_overlay_background": "gradient",
                "background_overlay_color": "transparent",
                "background_overlay_color_b": "transparent",
                "background_overlay_css": "background: radial-gradient(circle at 10% 20%, rgba(var(--e-global-color-primary-rgb), 0.05) 0%, transparent 40%), radial-gradient(circle at 90% 80%, rgba(var(--e-global-color-secondary-rgb), 0.05) 0%, transparent 40%);"
            },
            "elements": [
                {
                    "id": "cta-col123",
                    "elType": "column",
                    "settings": {
                        "_column_size": 100,
                        "_inline_size": null
                    },
                    "elements": [
                        {
                            "id": "cta-content123",
                            "elType": "section",
                            "settings": {
                                "structure": "10",
                                "margin": {
                                    "unit": "px",
                                    "top": "0",
                                    "right": "0",
                                    "bottom": "0",
                                    "left": "0"
                                },
                                "content_width": {
                                    "unit": "px",
                                    "size": 800,
                                    "sizes": []
                                }
                            },
                            "elements": [
                                {
                                    "id": "cta-content-col",
                                    "elType": "column",
                                    "settings": {
                                        "_column_size": 100,
                                        "_inline_size": null
                                    },
                                    "elements": [
                                        {
                                            "id": "cta-title123",
                                            "elType": "widget",
                                            "settings": {
                                                "title": "Pronto para transformar seu talento em renda real?",
                                                "header_size": "h2",
                                                "align": "center",
                                                "title_color": "#222222",
                                                "typography_typography": "custom",
                                                "typography_font_size": {
                                                    "unit": "px",
                                                    "size": 42,
                                                    "sizes": []
                                                },
                                                "typography_font_weight": "700",
                                                "typography_line_height": {
                                                    "unit": "em",
                                                    "size": 1.2,
                                                    "sizes": []
                                                },
                                                "_margin": {
                                                    "unit": "px",
                                                    "top": "0",
                                                    "right": "0",
                                                    "bottom": "20",
                                                    "left": "0",
                                                    "isLinked": false
                                                },
                                                "typography_font_size_tablet": {
                                                    "unit": "px",
                                                    "size": 36,
                                                    "sizes": []
                                                },
                                                "typography_font_size_mobile": {
                                                    "unit": "px",
                                                    "size": 30,
                                                    "sizes": []
                                                }
                                            },
                                            "widgetType": "heading"
                                        },
                                        {
                                            "id": "cta-desc123",
                                            "elType": "widget",
                                            "settings": {
                                                "editor": "<p style=\"text-align: center; font-size: 20px; color: #666; max-width: 700px; margin: 0 auto 30px;\">Junte-se aos milhares de criadores que já estão ganhando dinheiro com seus vídeos na plataforma.</p>",
                                                "_margin": {
                                                    "unit": "px",
                                                    "top": "0",
                                                    "right": "0",
                                                    "bottom": "30",
                                                    "left": "0"
                                                }
                                            },
                                            "widgetType": "text-editor"
                                        },
                                        {
                                            "id": "cta-button123",
                                            "elType": "widget",
                                            "settings": {
                                                "text": "Começar Agora — É Grátis!",
                                                "size": "xl",
                                                "typography_typography": "custom",
                                                "typography_font_size": {
                                                    "unit": "px",
                                                    "size": 18,
                                                    "sizes": []
                                                },
                                                "typography_font_weight": "700",
                                                "button_text_color": "#FFFFFF",
                                                "background_color": "var(--e-global-color-primary)",
                                                "hover_color": "#FFFFFF",
                                                "hover_background_color": "#000000",
                                                "border_radius": {
                                                    "unit": "px",
                                                    "top": "12",
                                                    "right": "12",
                                                    "bottom": "12",
                                                    "left": "12",
                                                    "isLinked": true
                                                },
                                                "text_padding": {
                                                    "unit": "px",
                                                    "top": "20",
                                                    "right": "40",
                                                    "bottom": "20",
                                                    "left": "40",
                                                    "isLinked": false
                                                },
                                                "align": "center",
                                                "box_shadow_box_shadow_type": "yes",
                                                "box_shadow_box_shadow": {
                                                    "horizontal": 0,
                                                    "vertical": 8,
                                                    "blur": 30,
                                                    "spread": 0,
                                                    "color": "rgba(var(--e-global-color-primary-rgb), 0.3)"
                                                }
                                            },
                                            "widgetType": "button"
                                        },
                                        {
                                            "id": "cta-note123",
                                            "elType": "widget",
                                            "settings": {
                                                "editor": "<p style=\"text-align: center; font-size: 14px; color: #888; margin: 10px 0 40px;\">Não é necessário cartão de crédito</p>",
                                                "_margin": {
                                                    "unit": "px",
                                                    "top": "0",
                                                    "right": "0",
                                                    "bottom": "40",
                                                    "left": "0"
                                                }
                                            },
                                            "widgetType": "text-editor"
                                        },
                                        {
                                            "id": "cta-badges123",
                                            "elType": "widget",
                                            "settings": {
                                                "editor": "<div style=\"display: flex; flex-wrap: wrap; justify-content: center; gap: 20px;\">\n  <div style=\"display: flex; align-items: center;\">\n    <div style=\"background-color: #fff; border-radius: 50%; width: 32px; height: 32px; display: flex; align-items: center; justify-content: center; margin-right: 10px;\">\n      <i class=\"fas fa-shield-alt\" style=\"color: var(--e-global-color-primary); font-size: 14px;\"></i>\n    </div>\n    <span style=\"font-size: 14px; color: #555;\">100% Seguro</span>\n  </div>\n  \n  <div style=\"display: flex; align-items: center;\">\n    <div style=\"background-color: #fff; border-radius: 50%; width: 32px; height: 32px; display: flex; align-items: center; justify-content: center; margin-right: 10px;\">\n      <i class=\"fas fa-users\" style=\"color: var(--e-global-color-primary); font-size: 14px;\"></i>\n    </div>\n    <span style=\"font-size: 14px; color: #555;\">+5.000 Freelancers Ativos</span>\n  </div>\n  \n  <div style=\"display: flex; align-items: center;\">\n    <div style=\"background-color: #fff; border-radius: 50%; width: 32px; height: 32px; display: flex; align-items: center; justify-content: center; margin-right: 10px;\">\n      <i class=\"fas fa-star\" style=\"color: var(--e-global-color-primary); font-size: 14px;\"></i>\n    </div>\n    <span style=\"font-size: 14px; color: #555;\">4.8/5 Estrelas (1204 avaliações)</span>\n  </div>\n</div>",
                                                "_margin": {
                                                    "unit": "px",
                                                    "top": "0",
                                                    "right": "0",
                                                    "bottom": "0",
                                                    "left": "0"
                                                }
                                            },
                                            "widgetType": "text-editor"
                                        }
                                    ]
                                }
                            ]
                        }
                    ]
                }
            ]
        }
    ]
}