{
    "version": "0.4",
    "title": "ClipUp - Dor do Empresário",
    "type": "section",
    "content": [
        {
            "id": "dor123456",
            "elType": "section",
            "settings": {
                "background_background": "classic",
                "background_color": "#FFFFFF",
                "layout": "boxed",
                "padding": {
                    "unit": "px",
                    "top": "60",
                    "right": "20",
                    "bottom": "60",
                    "left": "20"
                },
                "padding_tablet": {
                    "unit": "px",
                    "top": "40",
                    "right": "20",
                    "bottom": "40",
                    "left": "20"
                },
                "padding_mobile": {
                    "unit": "px",
                    "top": "30",
                    "right": "15",
                    "bottom": "30",
                    "left": "15"
                },
                "margin": {
                    "unit": "px",
                    "top": "0",
                    "right": "0",
                    "bottom": "0",
                    "left": "0"
                }
            },
            "elements": [
                {
                    "id": "dor-inner123",
                    "elType": "section",
                    "settings": {
                        "structure": "10",
                        "margin": {
                            "unit": "px",
                            "top": "0",
                            "right": "0",
                            "bottom": "0",
                            "left": "0",
                            "isLinked": true
                        },
                        "padding": {
                            "unit": "px",
                            "top": "10",
                            "right": "10",
                            "bottom": "10",
                            "left": "10",
                            "isLinked": true
                        }
                    },
                    "elements": [
                        {
                            "id": "dor-column123",
                            "elType": "column",
                            "settings": {
                                "_column_size": 100,
                                "_inline_size": null,
                                "space_between_widgets": 20,
                                "padding": {
                                    "unit": "px",
                                    "top": "10",
                                    "right": "10",
                                    "bottom": "10",
                                    "left": "10",
                                    "isLinked": true
                                }
                            },
                            "elements": [
                                {
                                    "id": "dor-badge123",
                                    "elType": "widget",
                                    "settings": {
                                        "icon_list": [
                                            {
                                                "text": "Para empresas de todos os tamanhos",
                                                "selected_icon": {
                                                    "value": "fas fa-check-circle",
                                                    "library": "fa-solid"
                                                },
                                                "_id": "badge1",
                                                "link": {
                                                    "url": "",
                                                    "is_external": "",
                                                    "nofollow": "",
                                                    "custom_attributes": ""
                                                }
                                            }
                                        ],
                                        "space_between": {
                                            "unit": "px",
                                            "size": 5,
                                            "sizes": []
                                        },
                                        "icon_align": "left",
                                        "icon_color": "var(--e-global-color-primary)",
                                        "icon_size": {
                                            "unit": "px",
                                            "size": 14,
                                            "sizes": []
                                        },
                                        "text_color": "#555555",
                                        "text_indent": {
                                            "unit": "px",
                                            "size": 5,
                                            "sizes": []
                                        },
                                        "typography_typography": "custom",
                                        "typography_font_size": {
                                            "unit": "px",
                                            "size": 14,
                                            "sizes": []
                                        },
                                        "typography_font_weight": "500",
                                        "_padding": {
                                            "unit": "px",
                                            "top": "5",
                                            "right": "15",
                                            "bottom": "5",
                                            "left": "15",
                                            "isLinked": false
                                        },
                                        "_background_background": "classic",
                                        "_background_color": "rgba(var(--e-global-color-primary-rgb), 0.1)",
                                        "_border_radius": {
                                            "unit": "px",
                                            "top": "20",
                                            "right": "20",
                                            "bottom": "20",
                                            "left": "20",
                                            "isLinked": true
                                        },
                                        "_element_width": "auto",
                                        "align": "center"
                                    },
                                    "widgetType": "icon-list"
                                },
                                {
                                    "id": "dor-title123",
                                    "elType": "widget",
                                    "settings": {
                                        "title": "Você investe em tráfego, design e produto...",
                                        "header_size": "h2",
                                        "align": "center",
                                        "title_color": "#222222",
                                        "typography_typography": "custom",
                                        "typography_font_size": {
                                            "unit": "px",
                                            "size": 36,
                                            "sizes": []
                                        },
                                        "typography_font_weight": "700",
                                        "typography_line_height": {
                                            "unit": "em",
                                            "size": 1.2,
                                            "sizes": []
                                        },
                                        "_margin": {
                                            "unit": "px",
                                            "top": "20",
                                            "right": "0",
                                            "bottom": "20",
                                            "left": "0",
                                            "isLinked": false
                                        },
                                        "typography_font_size_tablet": {
                                            "unit": "px",
                                            "size": 32,
                                            "sizes": []
                                        },
                                        "typography_font_size_mobile": {
                                            "unit": "px",
                                            "size": 28,
                                            "sizes": []
                                        }
                                    },
                                    "widgetType": "heading"
                                },
                                {
                                    "id": "dor-description123",
                                    "elType": "widget",
                                    "settings": {
                                        "editor": "<p style=\"text-align: center;\">Mas sem um vídeo real, com rosto humano, sua mensagem não gera conexão.<br><span style=\"color: var(--e-global-color-primary); font-weight: 500;\">A confiança é o que faz vender. E vídeos criam isso em segundos.</span></p>",
                                        "text_color": "#666666",
                                        "typography_typography": "custom",
                                        "typography_font_size": {
                                            "unit": "px",
                                            "size": 18,
                                            "sizes": []
                                        },
                                        "typography_line_height": {
                                            "unit": "em",
                                            "size": 1.6,
                                            "sizes": []
                                        },
                                        "_margin": {
                                            "unit": "px",
                                            "top": "0",
                                            "right": "0",
                                            "bottom": "30",
                                            "left": "0",
                                            "isLinked": false
                                        }
                                    },
                                    "widgetType": "text-editor"
                                },
                                {
                                    "id": "dor-solution-box123",
                                    "elType": "section",
                                    "settings": {
                                        "structure": "10",
                                        "margin": {
                                            "unit": "px",
                                            "top": "20",
                                            "right": "0",
                                            "bottom": "0",
                                            "left": "0",
                                            "isLinked": false
                                        },
                                        "padding": {
                                            "unit": "px",
                                            "top": "30",
                                            "right": "30",
                                            "bottom": "30",
                                            "left": "30",
                                            "isLinked": true
                                        },
                                        "background_background": "classic",
                                        "background_color": "#F8F9FA",
                                        "border_border": "solid",
                                        "border_width": {
                                            "unit": "px",
                                            "top": "1",
                                            "right": "1",
                                            "bottom": "1",
                                            "left": "1",
                                            "isLinked": true
                                        },
                                        "border_color": "#E5E7EB",
                                        "border_radius": {
                                            "unit": "px",
                                            "top": "16",
                                            "right": "16",
                                            "bottom": "16",
                                            "left": "16",
                                            "isLinked": true
                                        },
                                        "box_shadow_box_shadow_type": "yes",
                                        "box_shadow_box_shadow": {
                                            "horizontal": 0,
                                            "vertical": 5,
                                            "blur": 20,
                                            "spread": 0,
                                            "color": "rgba(0, 0, 0, 0.05)"
                                        }
                                    },
                                    "elements": [
                                        {
                                            "id": "dor-solution-column123",
                                            "elType": "column",
                                            "settings": {
                                                "_column_size": 100,
                                                "_inline_size": null
                                            },
                                            "elements": [
                                                {
                                                    "id": "dor-solution-title123",
                                                    "elType": "widget",
                                                    "settings": {
                                                        "title": "Na nossa plataforma, você encontra talentos prontos para gravar:",
                                                        "header_size": "h3",
                                                        "align": "center",
                                                        "title_color": "#333333",
                                                        "typography_typography": "custom",
                                                        "typography_font_size": {
                                                            "unit": "px",
                                                            "size": 22,
                                                            "sizes": []
                                                        },
                                                        "typography_font_weight": "600",
                                                        "_margin": {
                                                            "unit": "px",
                                                            "top": "0",
                                                            "right": "0",
                                                            "bottom": "20",
                                                            "left": "0",
                                                            "isLinked": false
                                                        }
                                                    },
                                                    "widgetType": "heading"
                                                },
                                                {
                                                    "id": "dor-solution-grid123",
                                                    "elType": "section",
                                                    "settings": {
                                                        "structure": "20",
                                                        "margin": {
                                                            "unit": "px",
                                                            "top": "0",
                                                            "right": "0",
                                                            "bottom": "20",
                                                            "left": "0",
                                                            "isLinked": false
                                                        }
                                                    },
                                                    "elements": [
                                                        {
                                                            "id": "dor-solution-left123",
                                                            "elType": "column",
                                                            "settings": {
                                                                "_column_size": 50,
                                                                "_inline_size": null
                                                            },
                                                            "elements": [
                                                                {
                                                                    "id": "dor-solution-list-left123",
                                                                    "elType": "widget",
                                                                    "settings": {
                                                                        "icon_list": [
                                                                            {
                                                                                "text": "📹 Depoimentos reais",
                                                                                "selected_icon": {
                                                                                    "value": "",
                                                                                    "library": ""
                                                                                },
                                                                                "_id": "item1"
                                                                            },
                                                                            {
                                                                                "text": "📦 Unboxings autênticos",
                                                                                "selected_icon": {
                                                                                    "value": "",
                                                                                    "library": ""
                                                                                },
                                                                                "_id": "item2"
                                                                            }
                                                                        ],
                                                                        "space_between": {
                                                                            "unit": "px",
                                                                            "size": 15,
                                                                            "sizes": []
                                                                        },
                                                                        "icon_align": "left",
                                                                        "icon_color": "#333333",
                                                                        "icon_size": {
                                                                            "unit": "px",
                                                                            "size": 16,
                                                                            "sizes": []
                                                                        },
                                                                        "text_color": "#555555",
                                                                        "text_indent": {
                                                                            "unit": "px",
                                                                            "size": 8,
                                                                            "sizes": []
                                                                        },
                                                                        "typography_typography": "custom",
                                                                        "typography_font_size": {
                                                                            "unit": "px",
                                                                            "size": 16,
                                                                            "sizes": []
                                                                        },
                                                                        "_padding": {
                                                                            "unit": "px",
                                                                            "top": "0",
                                                                            "right": "0",
                                                                            "bottom": "0",
                                                                            "left": "0",
                                                                            "isLinked": true
                                                                        }
                                                                    },
                                                                    "widgetType": "icon-list"
                                                                }
                                                            ]
                                                        },
                                                        {
                                                            "id": "dor-solution-right123",
                                                            "elType": "column",
                                                            "settings": {
                                                                "_column_size": 50,
                                                                "_inline_size": null
                                                            },
                                                            "elements": [
                                                                {
                                                                    "id": "dor-solution-list-right123",
                                                                    "elType": "widget",
                                                                    "settings": {
                                                                        "icon_list": [
                                                                            {
                                                                                "text": "📢 Campanhas de impacto",
                                                                                "selected_icon": {
                                                                                    "value": "",
                                                                                    "library": ""
                                                                                },
                                                                                "_id": "item1"
                                                                            },
                                                                            {
                                                                                "text": "✨ Reações genuínas",
                                                                                "selected_icon": {
                                                                                    "value": "",
                                                                                    "library": ""
                                                                                },
                                                                                "_id": "item2"
                                                                            }
                                                                        ],
                                                                        "space_between": {
                                                                            "unit": "px",
                                                                            "size": 15,
                                                                            "sizes": []
                                                                        },
                                                                        "icon_align": "left",
                                                                        "icon_color": "#333333",
                                                                        "icon_size": {
                                                                            "unit": "px",
                                                                            "size": 16,
                                                                            "sizes": []
                                                                        },
                                                                        "text_color": "#555555",
                                                                        "text_indent": {
                                                                            "unit": "px",
                                                                            "size": 8,
                                                                            "sizes": []
                                                                        },
                                                                        "typography_typography": "custom",
                                                                        "typography_font_size": {
                                                                            "unit": "px",
                                                                            "size": 16,
                                                                            "sizes": []
                                                                        },
                                                                        "_padding": {
                                                                            "unit": "px",
                                                                            "top": "0",
                                                                            "right": "0",
                                                                            "bottom": "0",
                                                                            "left": "0",
                                                                            "isLinked": true
                                                                        }
                                                                    },
                                                                    "widgetType": "icon-list"
                                                                }
                                                            ]
                                                        }
                                                    ]
                                                },
                                                {
                                                    "id": "dor-solution-footer123",
                                                    "elType": "widget",
                                                    "settings": {
                                                        "editor": "<p style=\"text-align: center; font-style: italic;\">Tudo com produção ágil, custos acessíveis e entrega garantida.</p>",
                                                        "text_color": "#666666",
                                                        "typography_typography": "custom",
                                                        "typography_font_size": {
                                                            "unit": "px",
                                                            "size": 16,
                                                            "sizes": []
                                                        },
                                                        "typography_font_style": "italic",
                                                        "_border_border": "solid",
                                                        "_border_width": {
                                                            "unit": "px",
                                                            "top": "1",
                                                            "right": "0",
                                                            "bottom": "0",
                                                            "left": "0",
                                                            "isLinked": false
                                                        },
                                                        "_border_color": "#E5E7EB",
                                                        "_padding": {
                                                            "unit": "px",
                                                            "top": "20",
                                                            "right": "0",
                                                            "bottom": "0",
                                                            "left": "0",
                                                            "isLinked": false
                                                        }
                                                    },
                                                    "widgetType": "text-editor"
                                                }
                                            ]
                                        }
                                    ]
                                }
                            ]
                        }
                    ]
                }
            ]
        }
    ]
}