{
    "version": "0.4",
    "title": "ClipUp - FAQ",
    "type": "section",
    "content": [
        {
            "id": "faq123",
            "elType": "section",
            "settings": {
                "background_background": "classic",
                "background_color": "#FFFFFF",
                "padding": {
                    "unit": "px",
                    "top": "80",
                    "right": "20",
                    "bottom": "80",
                    "left": "20"
                },
                "padding_tablet": {
                    "unit": "px",
                    "top": "60",
                    "right": "20",
                    "bottom": "60",
                    "left": "20"
                },
                "padding_mobile": {
                    "unit": "px",
                    "top": "40",
                    "right": "15",
                    "bottom": "40",
                    "left": "15"
                },
                "css_classes": "clipup-faq"
            },
            "elements": [
                {
                    "id": "faq-col123",
                    "elType": "column",
                    "settings": {
                        "_column_size": 100,
                        "_inline_size": null
                    },
                    "elements": [
                        {
                            "id": "faq-header123",
                            "elType": "section",
                            "settings": {
                                "structure": "10",
                                "margin": {
                                    "unit": "px",
                                    "top": "0",
                                    "right": "0",
                                    "bottom": "40",
                                    "left": "0"
                                }
                            },
                            "elements": [
                                {
                                    "id": "faq-header-col",
                                    "elType": "column",
                                    "settings": {
                                        "_column_size": 100,
                                        "_inline_size": null
                                    },
                                    "elements": [
                                        {
                                            "id": "faq-badge123",
                                            "elType": "widget",
                                            "settings": {
                                                "icon_list": [
                                                    {
                                                        "text": "Perguntas frequentes",
                                                        "selected_icon": {
                                                            "value": "fas fa-question-circle",
                                                            "library": "fa-solid"
                                                        },
                                                        "_id": "badge1"
                                                    }
                                                ],
                                                "space_between": {
                                                    "unit": "px",
                                                    "size": 5,
                                                    "sizes": []
                                                },
                                                "icon_align": "left",
                                                "icon_color": "var(--e-global-color-primary)",
                                                "icon_size": {
                                                    "unit": "px",
                                                    "size": 14,
                                                    "sizes": []
                                                },
                                                "text_color": "var(--e-global-color-primary)",
                                                "text_indent": {
                                                    "unit": "px",
                                                    "size": 5,
                                                    "sizes": []
                                                },
                                                "typography_typography": "custom",
                                                "typography_font_size": {
                                                    "unit": "px",
                                                    "size": 14,
                                                    "sizes": []
                                                },
                                                "typography_font_weight": "500",
                                                "_padding": {
                                                    "unit": "px",
                                                    "top": "5",
                                                    "right": "15",
                                                    "bottom": "5",
                                                    "left": "15",
                                                    "isLinked": false
                                                },
                                                "_background_background": "classic",
                                                "_background_color": "rgba(var(--e-global-color-primary-rgb), 0.1)",
                                                "_border_radius": {
                                                    "unit": "px",
                                                    "top": "20",
                                                    "right": "20",
                                                    "bottom": "20",
                                                    "left": "20",
                                                    "isLinked": true
                                                },
                                                "_element_width": "auto",
                                                "align": "center"
                                            },
                                            "widgetType": "icon-list"
                                        },
                                        {
                                            "id": "faq-title123",
                                            "elType": "widget",
                                            "settings": {
                                                "title": "Dúvidas comuns sobre o ClipUp",
                                                "header_size": "h2",
                                                "align": "center",
                                                "title_color": "#222222",
                                                "typography_typography": "custom",
                                                "typography_font_size": {
                                                    "unit": "px",
                                                    "size": 36,
                                                    "sizes": []
                                                },
                                                "typography_font_weight": "700",
                                                "typography_line_height": {
                                                    "unit": "em",
                                                    "size": 1.2,
                                                    "sizes": []
                                                },
                                                "_margin": {
                                                    "unit": "px",
                                                    "top": "10",
                                                    "right": "0",
                                                    "bottom": "20",
                                                    "left": "0",
                                                    "isLinked": false
                                                },
                                                "typography_font_size_tablet": {
                                                    "unit": "px",
                                                    "size": 32,
                                                    "sizes": []
                                                },
                                                "typography_font_size_mobile": {
                                                    "unit": "px",
                                                    "size": 28,
                                                    "sizes": []
                                                }
                                            },
                                            "widgetType": "heading"
                                        },
                                        {
                                            "id": "faq-search123",
                                            "elType": "widget",
                                            "settings": {
                                                "editor": "<div style=\"max-width: 500px; margin: 0 auto 40px;\">\n  <div style=\"position: relative;\">\n    <input type=\"text\" placeholder=\"Buscar pergunta...\" style=\"width: 100%; padding: 12px 16px 12px 40px; border: 1px solid #e5e7eb; border-radius: 8px; font-size: 16px; outline: none;\">\n    <i class=\"fas fa-search\" style=\"position: absolute; left: 16px; top: 50%; transform: translateY(-50%); color: #666;\"></i>\n  </div>\n</div>",
                                                "_margin": {
                                                    "unit": "px",
                                                    "top": "0",
                                                    "right": "0",
                                                    "bottom": "0",
                                                    "left": "0"
                                                }
                                            },
                                            "widgetType": "text-editor"
                                        }
                                    ]
                                }
                            ]
                        },
                        {
                            "id": "faq-content123",
                            "elType": "section",
                            "settings": {
                                "structure": "10",
                                "margin": {
                                    "unit": "px",
                                    "top": "0",
                                    "right": "0",
                                    "bottom": "0",
                                    "left": "0"
                                }
                            },
                            "elements": [
                                {
                                    "id": "faq-content-col",
                                    "elType": "column",
                                    "settings": {
                                        "_column_size": 100,
                                        "_inline_size": null
                                    },
                                    "elements": [
                                        {
                                            "id": "faq-accordion123",
                                            "elType": "widget",
                                            "settings": {
                                                "tabs": [
                                                    {
                                                        "tab_title": "Preciso ter equipamento profissional?",
                                                        "tab_content": "Não. Um celular com boa câmera e som já é o suficiente para começar. O mais importante é a qualidade do seu conteúdo e sua comunicação. Conforme você for crescendo na plataforma, pode investir em equipamentos melhores.",
                                                        "_id": "faq1"
                                                    },
                                                    {
                                                        "tab_title": "Posso trabalhar de qualquer lugar?",
                                                        "tab_content": "Sim! Basta ter acesso à internet e um ambiente para gravar. Você pode trabalhar de casa, de um coworking ou até mesmo durante uma viagem. A plataforma funciona 24/7, então você decide quando e onde trabalhar.",
                                                        "_id": "faq2"
                                                    },
                                                    {
                                                        "tab_title": "Como recebo o pagamento?",
                                                        "tab_content": "Você acumula Blinks por cada trabalho concluído e pode convertê-los em reais a qualquer momento. Os saques são processados de forma semanal e transferidos diretamente para sua conta bancária ou via PIX, sem taxas adicionais.",
                                                        "_id": "faq3"
                                                    },
                                                    {
                                                        "tab_title": "Quanto tempo leva para aprovar meu cadastro?",
                                                        "tab_content": "Normalmente, a aprovação leva entre 24 e 48 horas úteis. Pedimos que você grave um vídeo de apresentação curto durante o cadastro, o que ajuda a agilizar o processo e já demonstra suas habilidades.",
                                                        "_id": "faq4"
                                                    },
                                                    {
                                                        "tab_title": "É necessário ter CNPJ?",
                                                        "tab_content": "Não é obrigatório. Você pode se cadastrar como pessoa física com CPF. No entanto, se você já tem um CNPJ como MEI ou outro tipo de empresa, pode utilizá-lo para questões fiscais se preferir.",
                                                        "_id": "faq5"
                                                    }
                                                ],
                                                "title_background": "#FFFFFF",
                                                "title_color": "#222222",
                                                "tab_active_color": "var(--e-global-color-primary)",
                                                "title_typography_typography": "custom",
                                                "title_typography_font_size": {
                                                    "unit": "px",
                                                    "size": 18,
                                                    "sizes": []
                                                },
                                                "title_typography_font_weight": "500",
                                                "title_padding": {
                                                    "unit": "px",
                                                    "top": "20",
                                                    "right": "20",
                                                    "bottom": "20",
                                                    "left": "20",
                                                    "isLinked": true
                                                },
                                                "content_background_color": "#FFFFFF",
                                                "content_color": "#666666",
                                                "content_typography_typography": "custom",
                                                "content_typography_font_size": {
                                                    "unit": "px",
                                                    "size": 16,
                                                    "sizes": []
                                                },
                                                "content_typography_line_height": {
                                                    "unit": "em",
                                                    "size": 1.5,
                                                    "sizes": []
                                                },
                                                "content_padding": {
                                                    "unit": "px",
                                                    "top": "20",
                                                    "right": "20",
                                                    "bottom": "20",
                                                    "left": "20",
                                                    "isLinked": true
                                                },
                                                "icon_align": "right",
                                                "border_width": {
                                                    "unit": "px",
                                                    "top": "1",
                                                    "right": "1",
                                                    "bottom": "1",
                                                    "left": "1",
                                                    "isLinked": true
                                                },
                                                "border_color": "#E5E7EB",
                                                "border_radius": {
                                                    "unit": "px",
                                                    "top": "8",
                                                    "right": "8",
                                                    "bottom": "8",
                                                    "left": "8",
                                                    "isLinked": true
                                                },
                                                "_margin": {
                                                    "unit": "px",
                                                    "top": "0",
                                                    "right": "0",
                                                    "bottom": "30",
                                                    "left": "0",
                                                    "isLinked": false
                                                }
                                            },
                                            "widgetType": "accordion"
                                        },
                                        {
                                            "id": "faq-more123",
                                            "elType": "widget",
                                            "settings": {
                                                "editor": "<div style=\"text-align: center;\">\n  <p style=\"margin-bottom: 20px; color: #555;\">Tem mais perguntas sobre como funciona a plataforma?</p>\n  <a href=\"#\" class=\"clipup-hover\" style=\"display: inline-flex; align-items: center; background-color: var(--e-global-color-primary); color: white; font-weight: 500; padding: 10px 20px; border-radius: 8px; text-decoration: none; box-shadow: 0 4px 14px rgba(var(--e-global-color-primary-rgb), 0.2);\">\n    Fale com nosso suporte\n    <i class=\"fas fa-arrow-right\" style=\"margin-left: 8px;\"></i>\n  </a>\n</div>",
                                                "_margin": {
                                                    "unit": "px",
                                                    "top": "0",
                                                    "right": "0",
                                                    "bottom": "0",
                                                    "left": "0"
                                                }
                                            },
                                            "widgetType": "text-editor"
                                        }
                                    ]
                                }
                            ]
                        }
                    ]
                }
            ]
        }
    ]
}