{
    "version": "0.4",
    "title": "ClipUp - Footer",
    "type": "section",
    "content": [
        {
            "id": "footer123",
            "elType": "section",
            "settings": {
                "background_background": "classic",
                "background_color": "#FFFFFF",
                "padding": {
                    "unit": "px",
                    "top": "80",
                    "right": "20",
                    "bottom": "40",
                    "left": "20"
                },
                "padding_tablet": {
                    "unit": "px",
                    "top": "60",
                    "right": "20",
                    "bottom": "30",
                    "left": "20"
                },
                "padding_mobile": {
                    "unit": "px",
                    "top": "40",
                    "right": "15",
                    "bottom": "30",
                    "left": "15"
                },
                "css_classes": "clipup-footer",
                "border_border": "solid",
                "border_width": {
                    "unit": "px",
                    "top": "1",
                    "right": "0",
                    "bottom": "0",
                    "left": "0",
                    "isLinked": false
                },
                "border_color": "#EEEEEE"
            },
            "elements": [
                {
                    "id": "footer-col123",
                    "elType": "column",
                    "settings": {
                        "_column_size": 100,
                        "_inline_size": null
                    },
                    "elements": [
                        {
                            "id": "footer-main123",
                            "elType": "section",
                            "settings": {
                                "structure": "40",
                                "margin": {
                                    "unit": "px",
                                    "top": "0",
                                    "right": "0",
                                    "bottom": "40",
                                    "left": "0"
                                }
                            },
                            "elements": [
                                {
                                    "id": "footer-col1",
                                    "elType": "column",
                                    "settings": {
                                        "_column_size": 25,
                                        "_inline_size": null,
                                        "padding": {
                                            "unit": "px",
                                            "top": "10",
                                            "right": "20",
                                            "bottom": "10",
                                            "left": "10"
                                        }
                                    },
                                    "elements": [
                                        {
                                            "id": "footer-logo123",
                                            "elType": "widget",
                                            "settings": {
                                                "editor": "<div style=\"margin-bottom: 24px;\">\n  <span style=\"font-size: 28px; font-weight: 700;\">\n    <span style=\"color: var(--e-global-color-primary);\">Clip</span><span>Up</span>\n  </span>\n</div>\n\n<p style=\"font-size: 14px; color: #666; line-height: 1.6; margin-bottom: 16px;\">\n  A plataforma que conecta freelancers de vídeo com oportunidades reais de renda.\n</p>\n\n<div style=\"display: flex; gap: 16px; margin-top: 20px;\">\n  <a href=\"#\" style=\"color: #666; transition: color 0.3s ease;\">\n    <i class=\"fab fa-instagram\" style=\"font-size: 20px;\"></i>\n  </a>\n  <a href=\"#\" style=\"color: #666; transition: color 0.3s ease;\">\n    <i class=\"fab fa-youtube\" style=\"font-size: 20px;\"></i>\n  </a>\n  <a href=\"#\" style=\"color: #666; transition: color 0.3s ease;\">\n    <i class=\"fab fa-tiktok\" style=\"font-size: 20px;\"></i>\n  </a>\n  <a href=\"#\" style=\"color: #666; transition: color 0.3s ease;\">\n    <i class=\"fab fa-linkedin-in\" style=\"font-size: 20px;\"></i>\n  </a>\n</div>",
                                                "_padding": {
                                                    "unit": "px",
                                                    "top": "0",
                                                    "right": "0",
                                                    "bottom": "0",
                                                    "left": "0"
                                                }
                                            },
                                            "widgetType": "text-editor"
                                        }
                                    ]
                                },
                                {
                                    "id": "footer-col2",
                                    "elType": "column",
                                    "settings": {
                                        "_column_size": 25,
                                        "_inline_size": null,
                                        "padding": {
                                            "unit": "px",
                                            "top": "10",
                                            "right": "10",
                                            "bottom": "10",
                                            "left": "10"
                                        }
                                    },
                                    "elements": [
                                        {
                                            "id": "footer-links1",
                                            "elType": "widget",
                                            "settings": {
                                                "editor": "<h3 style=\"font-size: 18px; font-weight: 700; margin-bottom: 20px;\">Links Rápidos</h3>\n\n<ul style=\"list-style-type: none; padding: 0; margin: 0;\">\n  <li style=\"margin-bottom: 10px;\">\n    <a href=\"#\" style=\"color: #666; text-decoration: none; font-size: 14px; transition: color 0.3s ease;\">Início</a>\n  </li>\n  <li style=\"margin-bottom: 10px;\">\n    <a href=\"#para-voce\" style=\"color: #666; text-decoration: none; font-size: 14px; transition: color 0.3s ease;\">Para Você</a>\n  </li>\n  <li style=\"margin-bottom: 10px;\">\n    <a href=\"#servicos\" style=\"color: #666; text-decoration: none; font-size: 14px; transition: color 0.3s ease;\">Serviços</a>\n  </li>\n  <li style=\"margin-bottom: 10px;\">\n    <a href=\"#earnings\" style=\"color: #666; text-decoration: none; font-size: 14px; transition: color 0.3s ease;\">Ganhos</a>\n  </li>\n  <li style=\"margin-bottom: 10px;\">\n    <a href=\"#blink\" style=\"color: #666; text-decoration: none; font-size: 14px; transition: color 0.3s ease;\">Sobre Blinks</a>\n  </li>\n  <li style=\"margin-bottom: 10px;\">\n    <a href=\"#perguntas\" style=\"color: #666; text-decoration: none; font-size: 14px; transition: color 0.3s ease;\">Perguntas Frequentes</a>\n  </li>\n</ul>",
                                                "_padding": {
                                                    "unit": "px",
                                                    "top": "0",
                                                    "right": "0",
                                                    "bottom": "0",
                                                    "left": "0"
                                                }
                                            },
                                            "widgetType": "text-editor"
                                        }
                                    ]
                                },
                                {
                                    "id": "footer-col3",
                                    "elType": "column",
                                    "settings": {
                                        "_column_size": 25,
                                        "_inline_size": null,
                                        "padding": {
                                            "unit": "px",
                                            "top": "10",
                                            "right": "10",
                                            "bottom": "10",
                                            "left": "10"
                                        }
                                    },
                                    "elements": [
                                        {
                                            "id": "footer-links2",
                                            "elType": "widget",
                                            "settings": {
                                                "editor": "<h3 style=\"font-size: 18px; font-weight: 700; margin-bottom: 20px;\">Para Freelancers</h3>\n\n<ul style=\"list-style-type: none; padding: 0; margin: 0;\">\n  <li style=\"margin-bottom: 10px;\">\n    <a href=\"#\" style=\"color: #666; text-decoration: none; font-size: 14px; transition: color 0.3s ease;\">Como Começar</a>\n  </li>\n  <li style=\"margin-bottom: 10px;\">\n    <a href=\"#\" style=\"color: #666; text-decoration: none; font-size: 14px; transition: color 0.3s ease;\">Dicas de Vídeo</a>\n  </li>\n  <li style=\"margin-bottom: 10px;\">\n    <a href=\"#\" style=\"color: #666; text-decoration: none; font-size: 14px; transition: color 0.3s ease;\">Políticas de Pagamento</a>\n  </li>\n  <li style=\"margin-bottom: 10px;\">\n    <a href=\"#\" style=\"color: #666; text-decoration: none; font-size: 14px; transition: color 0.3s ease;\">Programa de Indicação</a>\n  </li>\n  <li style=\"margin-bottom: 10px;\">\n    <a href=\"#\" style=\"color: #666; text-decoration: none; font-size: 14px; transition: color 0.3s ease;\">Central de Ajuda</a>\n  </li>\n  <li style=\"margin-bottom: 10px;\">\n    <a href=\"#\" style=\"color: #666; text-decoration: none; font-size: 14px; transition: color 0.3s ease;\">Comunidade</a>\n  </li>\n</ul>",
                                                "_padding": {
                                                    "unit": "px",
                                                    "top": "0",
                                                    "right": "0",
                                                    "bottom": "0",
                                                    "left": "0"
                                                }
                                            },
                                            "widgetType": "text-editor"
                                        }
                                    ]
                                },
                                {
                                    "id": "footer-col4",
                                    "elType": "column",
                                    "settings": {
                                        "_column_size": 25,
                                        "_inline_size": null,
                                        "padding": {
                                            "unit": "px",
                                            "top": "10",
                                            "right": "10",
                                            "bottom": "10",
                                            "left": "10"
                                        }
                                    },
                                    "elements": [
                                        {
                                            "id": "footer-links3",
                                            "elType": "widget",
                                            "settings": {
                                                "editor": "<h3 style=\"font-size: 18px; font-weight: 700; margin-bottom: 20px;\">Para Contratantes</h3>\n\n<ul style=\"list-style-type: none; padding: 0; margin: 0;\">\n  <li style=\"margin-bottom: 10px;\">\n    <a href=\"#\" style=\"color: #666; text-decoration: none; font-size: 14px; transition: color 0.3s ease;\">Como Contratar</a>\n  </li>\n  <li style=\"margin-bottom: 10px;\">\n    <a href=\"#\" style=\"color: #666; text-decoration: none; font-size: 14px; transition: color 0.3s ease;\">Benefícios</a>\n  </li>\n  <li style=\"margin-bottom: 10px;\">\n    <a href=\"#\" style=\"color: #666; text-decoration: none; font-size: 14px; transition: color 0.3s ease;\">Garantia de Qualidade</a>\n  </li>\n  <li style=\"margin-bottom: 10px;\">\n    <a href=\"#\" style=\"color: #666; text-decoration: none; font-size: 14px; transition: color 0.3s ease;\">Empresas</a>\n  </li>\n  <li style=\"margin-bottom: 10px;\">\n    <a href=\"#\" style=\"color: #666; text-decoration: none; font-size: 14px; transition: color 0.3s ease;\">API de Integração</a>\n  </li>\n  <li style=\"margin-bottom: 10px;\">\n    <a href=\"#\" style=\"color: #666; text-decoration: none; font-size: 14px; transition: color 0.3s ease;\">Suporte</a>\n  </li>\n</ul>",
                                                "_padding": {
                                                    "unit": "px",
                                                    "top": "0",
                                                    "right": "0",
                                                    "bottom": "0",
                                                    "left": "0"
                                                }
                                            },
                                            "widgetType": "text-editor"
                                        }
                                    ]
                                }
                            ]
                        },
                        {
                            "id": "footer-bottom123",
                            "elType": "section",
                            "settings": {
                                "structure": "10",
                                "margin": {
                                    "unit": "px",
                                    "top": "20",
                                    "right": "0",
                                    "bottom": "0",
                                    "left": "0"
                                },
                                "border_border": "solid",
                                "border_width": {
                                    "unit": "px",
                                    "top": "1",
                                    "right": "0",
                                    "bottom": "0",
                                    "left": "0",
                                    "isLinked": false
                                },
                                "border_color": "#EEEEEE",
                                "padding": {
                                    "unit": "px",
                                    "top": "20",
                                    "right": "0",
                                    "bottom": "0",
                                    "left": "0",
                                    "isLinked": false
                                }
                            },
                            "elements": [
                                {
                                    "id": "footer-bottom-col",
                                    "elType": "column",
                                    "settings": {
                                        "_column_size": 100,
                                        "_inline_size": null
                                    },
                                    "elements": [
                                        {
                                            "id": "footer-copyright123",
                                            "elType": "widget",
                                            "settings": {
                                                "editor": "<div style=\"display: flex; flex-wrap: wrap; justify-content: space-between; align-items: center;\">\n  <p style=\"font-size: 13px; color: #888; margin: 0 0 20px 0;\">\n    © 2023 ClipUp. Todos os direitos reservados.\n  </p>\n  \n  <div style=\"display: flex; gap: 24px;\">\n    <a href=\"#\" style=\"font-size: 13px; color: #888; text-decoration: none; transition: color 0.3s ease;\">Termos de Uso</a>\n    <a href=\"#\" style=\"font-size: 13px; color: #888; text-decoration: none; transition: color 0.3s ease;\">Política de Privacidade</a>\n    <a href=\"#\" style=\"font-size: 13px; color: #888; text-decoration: none; transition: color 0.3s ease;\">Cookies</a>\n  </div>\n</div>",
                                                "_padding": {
                                                    "unit": "px",
                                                    "top": "0",
                                                    "right": "0",
                                                    "bottom": "0",
                                                    "left": "0"
                                                }
                                            },
                                            "widgetType": "text-editor"
                                        }
                                    ]
                                }
                            ]
                        }
                    ]
                }
            ]
        }
    ]
}