{
    "version": "0.4",
    "title": "ClipUp Hero Section",
    "type": "section",
    "content": [
        {
            "id": "4a4fc87d",
            "elType": "section",
            "settings": {
                "background_background": "classic",
                "background_color": "#FFFFFF",
                "structure": "20",
                "padding": {
                    "unit": "px",
                    "top": "80",
                    "right": "20",
                    "bottom": "40",
                    "left": "20"
                },
                "padding_tablet": {
                    "unit": "px",
                    "top": "60",
                    "right": "20",
                    "bottom": "40",
                    "left": "20"
                },
                "padding_mobile": {
                    "unit": "px",
                    "top": "40",
                    "right": "15",
                    "bottom": "30",
                    "left": "15"
                },
                "css_classes": "clipup-hero-gradient"
            },
            "elements": [
                {
                    "id": "6d9e6eab",
                    "elType": "column",
                    "settings": {
                        "_column_size": 50,
                        "_inline_size": null,
                        "padding": {
                            "unit": "px",
                            "top": "10",
                            "right": "10",
                            "bottom": "10",
                            "left": "10"
                        }
                    },
                    "elements": [
                        {
                            "id": "29c1eee1",
                            "elType": "widget",
                            "settings": {
                                "title": "<span style=\"color: var(--e-global-color-primary);\">Sua marca</span> merece ser contada por quem inspira confiança",
                                "header_size": "h1",
                                "align": "left",
                                "title_color": "#222222",
                                "typography_typography": "custom",
                                "typography_font_size": {
                                    "unit": "px",
                                    "size": 42,
                                    "sizes": []
                                },
                                "typography_font_weight": "700",
                                "typography_line_height": {
                                    "unit": "em",
                                    "size": 1.2,
                                    "sizes": []
                                },
                                "_margin": {
                                    "unit": "px",
                                    "top": "0",
                                    "right": "0",
                                    "bottom": "20",
                                    "left": "0",
                                    "isLinked": false
                                },
                                "typography_font_size_tablet": {
                                    "unit": "px",
                                    "size": 36,
                                    "sizes": []
                                },
                                "typography_font_size_mobile": {
                                    "unit": "px",
                                    "size": 28,
                                    "sizes": []
                                }
                            },
                            "widgetType": "heading"
                        },
                        {
                            "id": "7a8bee2d",
                            "elType": "widget",
                            "settings": {
                                "editor": "<p>Conecte-se com criadores profissionais e leve sua empresa até o seu público com vídeos autênticos, diretos e que convertem.</p>",
                                "align": "left",
                                "text_color": "#666666",
                                "typography_typography": "custom",
                                "typography_font_size": {
                                    "unit": "px",
                                    "size": 18,
                                    "sizes": []
                                },
                                "typography_line_height": {
                                    "unit": "em",
                                    "size": 1.6,
                                    "sizes": []
                                },
                                "_margin": {
                                    "unit": "px",
                                    "top": "0",
                                    "right": "0",
                                    "bottom": "30",
                                    "left": "0",
                                    "isLinked": false
                                }
                            },
                            "widgetType": "text-editor"
                        },
                        {
                            "id": "cde90f0",
                            "elType": "widget",
                            "settings": {
                                "text": "Começar Agora",
                                "size": "lg",
                                "icon": "fa fa-arrow-right",
                                "icon_align": "right",
                                "button_text_color": "#FFFFFF",
                                "background_color": "var(--e-global-color-primary)",
                                "hover_color": "#FFFFFF",
                                "hover_background_color": "#000000",
                                "border_radius": {
                                    "unit": "px",
                                    "top": "8",
                                    "right": "8",
                                    "bottom": "8",
                                    "left": "8",
                                    "isLinked": true
                                },
                                "text_padding": {
                                    "unit": "px",
                                    "top": "15",
                                    "right": "30",
                                    "bottom": "15",
                                    "left": "30",
                                    "isLinked": false
                                },
                                "align": "left"
                            },
                            "widgetType": "button"
                        },
                        {
                            "id": "8c1fda5",
                            "elType": "widget",
                            "settings": {
                                "icon_list": [
                                    {
                                        "text": "250+ empresas ampliaram alcance com vídeos",
                                        "selected_icon": {
                                            "value": "fas fa-check-circle",
                                            "library": "fa-solid"
                                        },
                                        "_id": "item1"
                                    }
                                ],
                                "space_between": {
                                    "unit": "px",
                                    "size": 5,
                                    "sizes": []
                                },
                                "icon_align": "left",
                                "icon_color": "var(--e-global-color-primary)",
                                "icon_size": {
                                    "unit": "px",
                                    "size": 16,
                                    "sizes": []
                                },
                                "text_color": "#666666",
                                "text_indent": {
                                    "unit": "px",
                                    "size": 5,
                                    "sizes": []
                                },
                                "typography_typography": "custom",
                                "typography_font_size": {
                                    "unit": "px",
                                    "size": 14,
                                    "sizes": []
                                },
                                "typography_font_weight": "500",
                                "_padding": {
                                    "unit": "px",
                                    "top": "5",
                                    "right": "15",
                                    "bottom": "5",
                                    "left": "15",
                                    "isLinked": false
                                },
                                "_background_background": "classic",
                                "_background_color": "rgba(var(--e-global-color-primary-rgb), 0.1)",
                                "_border_radius": {
                                    "unit": "px",
                                    "top": "20",
                                    "right": "20",
                                    "bottom": "20",
                                    "left": "20",
                                    "isLinked": true
                                },
                                "_element_width": "auto",
                                "_margin": {
                                    "unit": "px",
                                    "top": "20",
                                    "right": "0",
                                    "bottom": "0",
                                    "left": "0",
                                    "isLinked": false
                                }
                            },
                            "widgetType": "icon-list"
                        }
                    ]
                },
                {
                    "id": "fd26aa1",
                    "elType": "column",
                    "settings": {
                        "_column_size": 50,
                        "_inline_size": null,
                        "padding": {
                            "unit": "px",
                            "top": "10",
                            "right": "10",
                            "bottom": "10",
                            "left": "10"
                        }
                    },
                    "elements": [
                        {
                            "id": "73a4274e",
                            "elType": "widget",
                            "settings": {
                                "image": {
                                    "url": "https://images.unsplash.com/photo-1594909122845-11baa439b7bf?w=600&h=800&fit=crop",
                                    "id": ""
                                },
                                "image_size": "large",
                                "width": {
                                    "unit": "%",
                                    "size": 100,
                                    "sizes": []
                                },
                                "hover_animation": "grow",
                                "border_radius": {
                                    "unit": "px",
                                    "top": "16",
                                    "right": "16",
                                    "bottom": "16",
                                    "left": "16",
                                    "isLinked": true
                                },
                                "box_shadow_box_shadow_type": "yes",
                                "box_shadow_box_shadow": {
                                    "horizontal": 0,
                                    "vertical": 20,
                                    "blur": 50,
                                    "spread": 0,
                                    "color": "rgba(0, 0, 0, 0.1)"
                                }
                            },
                            "widgetType": "image"
                        },
                        {
                            "id": "4bf82e7a",
                            "elType": "widget",
                            "settings": {
                                "editor": "<div style=\"position: absolute; top: 40px; right: -20px; background-color: #fff; padding: 15px; border-radius: 10px; border: 1px solid #eee; box-shadow: 0 10px 30px rgba(0,0,0,0.08); transform: rotate(6deg);\" class=\"clipup-float\">\n  <p style=\"margin: 0; font-size: 13px; color: #666;\">Impacto em vendas</p>\n  <p style=\"margin: 5px 0 0; font-size: 24px; font-weight: 700; color: var(--e-global-color-primary);\">+27,8%</p>\n</div>\n\n<div style=\"position: absolute; bottom: -20px; left: -20px; background-color: var(--e-global-color-primary); width: 60px; height: 60px; border-radius: 50%; display: flex; align-items: center; justify-content: center; box-shadow: 0 10px 20px rgba(0,0,0,0.1);\" class=\"clipup-rotate\">\n  <i class=\"fas fa-video\" style=\"color: #fff; font-size: 24px;\"></i>\n</div>",
                                "_margin": {
                                    "unit": "px",
                                    "top": "-20",
                                    "right": "0",
                                    "bottom": "0",
                                    "left": "0",
                                    "isLinked": false
                                },
                                "_element_width": "initial"
                            },
                            "widgetType": "text-editor"
                        },
                        {
                            "id": "blobs123",
                            "elType": "widget",
                            "settings": {
                                "html": "<div class=\"clipup-blob-1 clipup-pulse\"></div>\n<div class=\"clipup-blob-2 clipup-pulse\"></div>"
                            },
                            "widgetType": "html"
                        }
                    ]
                }
            ]
        }
    ]
}