{
    "version": "0.4",
    "title": "ClipUp - Serviços Showcase",
    "type": "section",
    "content": [
        {
            "id": "serv123",
            "elType": "section",
            "settings": {
                "background_background": "classic",
                "background_color": "#F8F9FA",
                "padding": {
                    "unit": "px",
                    "top": "80",
                    "right": "20",
                    "bottom": "80",
                    "left": "20"
                },
                "padding_tablet": {
                    "unit": "px",
                    "top": "60",
                    "right": "20",
                    "bottom": "60",
                    "left": "20"
                },
                "padding_mobile": {
                    "unit": "px",
                    "top": "40",
                    "right": "15",
                    "bottom": "40",
                    "left": "15"
                },
                "css_classes": "clipup-services-showcase"
            },
            "elements": [
                {
                    "id": "serv-col123",
                    "elType": "column",
                    "settings": {
                        "_column_size": 100,
                        "_inline_size": null
                    },
                    "elements": [
                        {
                            "id": "serv-header123",
                            "elType": "section",
                            "settings": {
                                "structure": "10",
                                "margin": {
                                    "unit": "px",
                                    "top": "0",
                                    "right": "0",
                                    "bottom": "40",
                                    "left": "0"
                                }
                            },
                            "elements": [
                                {
                                    "id": "serv-header-col",
                                    "elType": "column",
                                    "settings": {
                                        "_column_size": 100,
                                        "_inline_size": null
                                    },
                                    "elements": [
                                        {
                                            "id": "serv-badge123",
                                            "elType": "widget",
                                            "settings": {
                                                "icon_list": [
                                                    {
                                                        "text": "Formatos que convertem mais",
                                                        "selected_icon": {
                                                            "value": "fas fa-sparkles",
                                                            "library": "fa-solid"
                                                        },
                                                        "_id": "badge1"
                                                    }
                                                ],
                                                "space_between": {
                                                    "unit": "px",
                                                    "size": 5,
                                                    "sizes": []
                                                },
                                                "icon_align": "left",
                                                "icon_color": "var(--e-global-color-primary)",
                                                "icon_size": {
                                                    "unit": "px",
                                                    "size": 14,
                                                    "sizes": []
                                                },
                                                "text_color": "var(--e-global-color-primary)",
                                                "text_indent": {
                                                    "unit": "px",
                                                    "size": 5,
                                                    "sizes": []
                                                },
                                                "typography_typography": "custom",
                                                "typography_font_size": {
                                                    "unit": "px",
                                                    "size": 14,
                                                    "sizes": []
                                                },
                                                "typography_font_weight": "500",
                                                "_padding": {
                                                    "unit": "px",
                                                    "top": "5",
                                                    "right": "15",
                                                    "bottom": "5",
                                                    "left": "15",
                                                    "isLinked": false
                                                },
                                                "_background_background": "classic",
                                                "_background_color": "rgba(var(--e-global-color-primary-rgb), 0.1)",
                                                "_border_radius": {
                                                    "unit": "px",
                                                    "top": "20",
                                                    "right": "20",
                                                    "bottom": "20",
                                                    "left": "20",
                                                    "isLinked": true
                                                },
                                                "_element_width": "auto",
                                                "align": "center"
                                            },
                                            "widgetType": "icon-list"
                                        },
                                        {
                                            "id": "serv-title123",
                                            "elType": "widget",
                                            "settings": {
                                                "title": "Tipos de conteúdo para sua marca",
                                                "header_size": "h2",
                                                "align": "center",
                                                "title_color": "#222222",
                                                "typography_typography": "custom",
                                                "typography_font_size": {
                                                    "unit": "px",
                                                    "size": 36,
                                                    "sizes": []
                                                },
                                                "typography_font_weight": "700",
                                                "typography_line_height": {
                                                    "unit": "em",
                                                    "size": 1.2,
                                                    "sizes": []
                                                },
                                                "_margin": {
                                                    "unit": "px",
                                                    "top": "10",
                                                    "right": "0",
                                                    "bottom": "10",
                                                    "left": "0",
                                                    "isLinked": false
                                                },
                                                "typography_font_size_tablet": {
                                                    "unit": "px",
                                                    "size": 32,
                                                    "sizes": []
                                                },
                                                "typography_font_size_mobile": {
                                                    "unit": "px",
                                                    "size": 28,
                                                    "sizes": []
                                                }
                                            },
                                            "widgetType": "heading"
                                        },
                                        {
                                            "id": "serv-desc123",
                                            "elType": "widget",
                                            "settings": {
                                                "editor": "<p style=\"text-align: center; font-size: 18px; color: #666; max-width: 800px; margin: 0 auto;\">Conheça os formatos de vídeo que geram mais credibilidade e engajamento para empresas como a sua.</p>",
                                                "_margin": {
                                                    "unit": "px",
                                                    "top": "0",
                                                    "right": "0",
                                                    "bottom": "20",
                                                    "left": "0"
                                                }
                                            },
                                            "widgetType": "text-editor"
                                        }
                                    ]
                                }
                            ]
                        },
                        {
                            "id": "serv-cards-row1",
                            "elType": "section",
                            "settings": {
                                "structure": "30",
                                "margin": {
                                    "unit": "px",
                                    "top": "0",
                                    "right": "0",
                                    "bottom": "20",
                                    "left": "0"
                                }
                            },
                            "elements": [
                                {
                                    "id": "serv-card1-col",
                                    "elType": "column",
                                    "settings": {
                                        "_column_size": 33,
                                        "_inline_size": null,
                                        "padding": {
                                            "unit": "px",
                                            "top": "10",
                                            "right": "10",
                                            "bottom": "10",
                                            "left": "10"
                                        }
                                    },
                                    "elements": [
                                        {
                                            "id": "serv-card1",
                                            "elType": "widget",
                                            "settings": {
                                                "editor": "<div class=\"clipup-card clipup-animate\" style=\"background-color: #fff; border-radius: 12px; overflow: hidden; box-shadow: 0 4px 8px rgba(0, 0, 0, 0.05); height: 100%;\">\n  <div style=\"position: relative; height: 200px; overflow: hidden;\">\n    <div style=\"position: absolute; top: 12px; right: 12px; background-color: #9c27b0; color: white; font-size: 12px; font-weight: 700; padding: 4px 8px; border-radius: 100px; z-index: 10;\">+ Credibilidade</div>\n    \n    <img src=\"https://images.unsplash.com/photo-1633613286848-e6f43bbafb8d?w=600&h=400&fit=crop\" alt=\"Depoimentos de Clientes\" style=\"width: 100%; height: 100%; object-fit: cover; transition: transform 0.5s ease;\">\n    \n    <div style=\"position: absolute; bottom: 0; left: 0; right: 0; height: 50%; background-image: linear-gradient(to top, rgba(255,255,255,1), rgba(255,255,255,0));\"></div>\n    \n    <div class=\"clipup-overlay\" style=\"position: absolute; inset: 0; background-color: rgba(var(--e-global-color-primary-rgb), 0.3); backdrop-filter: blur(2px); opacity: 0; transition: opacity 0.3s ease; display: flex; align-items: center; justify-content: center;\">\n      <div style=\"background-color: white; border-radius: 100%; width: 48px; height: 48px; display: flex; align-items: center; justify-content: center;\">\n        <i class=\"fas fa-play\" style=\"color: var(--e-global-color-primary); font-size: 16px;\"></i>\n      </div>\n    </div>\n  </div>\n  \n  <div style=\"padding: 24px;\">\n    <h3 style=\"font-size: 20px; font-weight: 700; margin-bottom: 8px;\">Depoimentos de Clientes</h3>\n    <p style=\"color: #666; margin-bottom: 16px;\">Aumente a credibilidade do seu negócio com depoimentos autênticos de clientes satisfeitos.</p>\n    \n    <div style=\"display: flex; flex-wrap: wrap; gap: 16px;\">\n      <div style=\"display: flex; align-items: center;\">\n        <i class=\"fas fa-dollar-sign\" style=\"color: var(--e-global-color-primary); margin-right: 4px; font-size: 14px;\"></i>\n        <span style=\"color: var(--e-global-color-primary); font-weight: 500; font-size: 14px;\">A partir de 500 Blinks</span>\n      </div>\n      \n      <div style=\"display: flex; align-items: center;\">\n        <i class=\"fas fa-clock\" style=\"color: #777; margin-right: 4px; font-size: 14px;\"></i>\n        <span style=\"color: #777; font-size: 14px;\">~5 min</span>\n      </div>\n    </div>\n  </div>\n</div>",
                                                "_margin": {
                                                    "unit": "px",
                                                    "top": "0",
                                                    "right": "0",
                                                    "bottom": "0",
                                                    "left": "0"
                                                },
                                                "_padding": {
                                                    "unit": "px",
                                                    "top": "0",
                                                    "right": "0",
                                                    "bottom": "0",
                                                    "left": "0"
                                                }
                                            },
                                            "widgetType": "text-editor"
                                        }
                                    ]
                                },
                                {
                                    "id": "serv-card2-col",
                                    "elType": "column",
                                    "settings": {
                                        "_column_size": 33,
                                        "_inline_size": null,
                                        "padding": {
                                            "unit": "px",
                                            "top": "10",
                                            "right": "10",
                                            "bottom": "10",
                                            "left": "10"
                                        }
                                    },
                                    "elements": [
                                        {
                                            "id": "serv-card2",
                                            "elType": "widget",
                                            "settings": {
                                                "editor": "<div class=\"clipup-card clipup-animate\" style=\"background-color: #fff; border-radius: 12px; overflow: hidden; box-shadow: 0 4px 8px rgba(0, 0, 0, 0.05); height: 100%;\">\n  <div style=\"position: relative; height: 200px; overflow: hidden;\">\n    <div style=\"position: absolute; top: 12px; right: 12px; background-color: #4caf50; color: white; font-size: 12px; font-weight: 700; padding: 4px 8px; border-radius: 100px; z-index: 10;\">Alta conversão</div>\n    \n    <img src=\"https://images.unsplash.com/photo-1607703703674-df96af81dffa?w=600&h=400&fit=crop\" alt=\"Unboxings de Produtos\" style=\"width: 100%; height: 100%; object-fit: cover; transition: transform 0.5s ease;\">\n    \n    <div style=\"position: absolute; bottom: 0; left: 0; right: 0; height: 50%; background-image: linear-gradient(to top, rgba(255,255,255,1), rgba(255,255,255,0));\"></div>\n    \n    <div class=\"clipup-overlay\" style=\"position: absolute; inset: 0; background-color: rgba(var(--e-global-color-primary-rgb), 0.3); backdrop-filter: blur(2px); opacity: 0; transition: opacity 0.3s ease; display: flex; align-items: center; justify-content: center;\">\n      <div style=\"background-color: white; border-radius: 100%; width: 48px; height: 48px; display: flex; align-items: center; justify-content: center;\">\n        <i class=\"fas fa-play\" style=\"color: var(--e-global-color-primary); font-size: 16px;\"></i>\n      </div>\n    </div>\n  </div>\n  \n  <div style=\"padding: 24px;\">\n    <h3 style=\"font-size: 20px; font-weight: 700; margin-bottom: 8px;\">Unboxings de Produtos</h3>\n    <p style=\"color: #666; margin-bottom: 16px;\">Mostre seu produto sendo desembalado e experimentado por criadores de conteúdo autênticos.</p>\n    \n    <div style=\"display: flex; flex-wrap: wrap; gap: 16px;\">\n      <div style=\"display: flex; align-items: center;\">\n        <i class=\"fas fa-dollar-sign\" style=\"color: var(--e-global-color-primary); margin-right: 4px; font-size: 14px;\"></i>\n        <span style=\"color: var(--e-global-color-primary); font-weight: 500; font-size: 14px;\">A partir de 700 Blinks</span>\n      </div>\n      \n      <div style=\"display: flex; align-items: center;\">\n        <i class=\"fas fa-clock\" style=\"color: #777; margin-right: 4px; font-size: 14px;\"></i>\n        <span style=\"color: #777; font-size: 14px;\">~8 min</span>\n      </div>\n    </div>\n  </div>\n</div>",
                                                "_margin": {
                                                    "unit": "px",
                                                    "top": "0",
                                                    "right": "0",
                                                    "bottom": "0",
                                                    "left": "0"
                                                },
                                                "_padding": {
                                                    "unit": "px",
                                                    "top": "0",
                                                    "right": "0",
                                                    "bottom": "0",
                                                    "left": "0"
                                                }
                                            },
                                            "widgetType": "text-editor"
                                        }
                                    ]
                                },
                                {
                                    "id": "serv-card3-col",
                                    "elType": "column",
                                    "settings": {
                                        "_column_size": 33,
                                        "_inline_size": null,
                                        "padding": {
                                            "unit": "px",
                                            "top": "10",
                                            "right": "10",
                                            "bottom": "10",
                                            "left": "10"
                                        }
                                    },
                                    "elements": [
                                        {
                                            "id": "serv-card3",
                                            "elType": "widget",
                                            "settings": {
                                                "editor": "<div class=\"clipup-card clipup-animate\" style=\"background-color: #fff; border-radius: 12px; overflow: hidden; box-shadow: 0 4px 8px rgba(0, 0, 0, 0.05); height: 100%;\">\n  <div style=\"position: relative; height: 200px; overflow: hidden;\">\n    <div style=\"position: absolute; top: 12px; right: 12px; background-color: #2196f3; color: white; font-size: 12px; font-weight: 700; padding: 4px 8px; border-radius: 100px; z-index: 10;\">Autenticidade</div>\n    \n    <img src=\"https://images.unsplash.com/photo-1585909695284-32d2985ac9c0?w=600&h=400&fit=crop\" alt=\"Reviews & Avaliações\" style=\"width: 100%; height: 100%; object-fit: cover; transition: transform 0.5s ease;\">\n    \n    <div style=\"position: absolute; bottom: 0; left: 0; right: 0; height: 50%; background-image: linear-gradient(to top, rgba(255,255,255,1), rgba(255,255,255,0));\"></div>\n    \n    <div class=\"clipup-overlay\" style=\"position: absolute; inset: 0; background-color: rgba(var(--e-global-color-primary-rgb), 0.3); backdrop-filter: blur(2px); opacity: 0; transition: opacity 0.3s ease; display: flex; align-items: center; justify-content: center;\">\n      <div style=\"background-color: white; border-radius: 100%; width: 48px; height: 48px; display: flex; align-items: center; justify-content: center;\">\n        <i class=\"fas fa-play\" style=\"color: var(--e-global-color-primary); font-size: 16px;\"></i>\n      </div>\n    </div>\n  </div>\n  \n  <div style=\"padding: 24px;\">\n    <h3 style=\"font-size: 20px; font-weight: 700; margin-bottom: 8px;\">Reviews & Avaliações</h3>\n    <p style=\"color: #666; margin-bottom: 16px;\">Obtenha feedback genuíno sobre seus produtos com avaliações detalhadas em vídeo.</p>\n    \n    <div style=\"display: flex; flex-wrap: wrap; gap: 16px;\">\n      <div style=\"display: flex; align-items: center;\">\n        <i class=\"fas fa-dollar-sign\" style=\"color: var(--e-global-color-primary); margin-right: 4px; font-size: 14px;\"></i>\n        <span style=\"color: var(--e-global-color-primary); font-weight: 500; font-size: 14px;\">A partir de 600 Blinks</span>\n      </div>\n      \n      <div style=\"display: flex; align-items: center;\">\n        <i class=\"fas fa-clock\" style=\"color: #777; margin-right: 4px; font-size: 14px;\"></i>\n        <span style=\"color: #777; font-size: 14px;\">~7 min</span>\n      </div>\n    </div>\n  </div>\n</div>",
                                                "_margin": {
                                                    "unit": "px",
                                                    "top": "0",
                                                    "right": "0",
                                                    "bottom": "0",
                                                    "left": "0"
                                                },
                                                "_padding": {
                                                    "unit": "px",
                                                    "top": "0",
                                                    "right": "0",
                                                    "bottom": "0",
                                                    "left": "0"
                                                }
                                            },
                                            "widgetType": "text-editor"
                                        }
                                    ]
                                }
                            ]
                        },
                        {
                            "id": "serv-cards-row2",
                            "elType": "section",
                            "settings": {
                                "structure": "30",
                                "margin": {
                                    "unit": "px",
                                    "top": "0",
                                    "right": "0",
                                    "bottom": "30",
                                    "left": "0"
                                }
                            },
                            "elements": [
                                {
                                    "id": "serv-card4-col",
                                    "elType": "column",
                                    "settings": {
                                        "_column_size": 33,
                                        "_inline_size": null,
                                        "padding": {
                                            "unit": "px",
                                            "top": "10",
                                            "right": "10",
                                            "bottom": "10",
                                            "left": "10"
                                        }
                                    },
                                    "elements": [
                                        {
                                            "id": "serv-card4",
                                            "elType": "widget",
                                            "settings": {
                                                "editor": "<div class=\"clipup-card clipup-animate\" style=\"background-color: #fff; border-radius: 12px; overflow: hidden; box-shadow: 0 4px 8px rgba(0, 0, 0, 0.05); height: 100%;\">\n  <div style=\"position: relative; height: 200px; overflow: hidden;\">\n    <div style=\"position: absolute; top: 12px; right: 12px; background-color: #ff9800; color: white; font-size: 12px; font-weight: 700; padding: 4px 8px; border-radius: 100px; z-index: 10;\">Engajamento</div>\n    \n    <img src=\"https://images.unsplash.com/photo-1617575521317-d2974f3b56d2?w=600&h=400&fit=crop\" alt=\"Vídeos para Redes Sociais\" style=\"width: 100%; height: 100%; object-fit: cover; transition: transform 0.5s ease;\">\n    \n    <div style=\"position: absolute; bottom: 0; left: 0; right: 0; height: 50%; background-image: linear-gradient(to top, rgba(255,255,255,1), rgba(255,255,255,0));\"></div>\n    \n    <div class=\"clipup-overlay\" style=\"position: absolute; inset: 0; background-color: rgba(var(--e-global-color-primary-rgb), 0.3); backdrop-filter: blur(2px); opacity: 0; transition: opacity 0.3s ease; display: flex; align-items: center; justify-content: center;\">\n      <div style=\"background-color: white; border-radius: 100%; width: 48px; height: 48px; display: flex; align-items: center; justify-content: center;\">\n        <i class=\"fas fa-play\" style=\"color: var(--e-global-color-primary); font-size: 16px;\"></i>\n      </div>\n    </div>\n  </div>\n  \n  <div style=\"padding: 24px;\">\n    <h3 style=\"font-size: 20px; font-weight: 700; margin-bottom: 8px;\">Vídeos para Redes Sociais</h3>\n    <p style=\"color: #666; margin-bottom: 16px;\">Conteúdo otimizado para engajamento e conversão nas principais plataformas sociais.</p>\n    \n    <div style=\"display: flex; flex-wrap: wrap; gap: 16px;\">\n      <div style=\"display: flex; align-items: center;\">\n        <i class=\"fas fa-dollar-sign\" style=\"color: var(--e-global-color-primary); margin-right: 4px; font-size: 14px;\"></i>\n        <span style=\"color: var(--e-global-color-primary); font-weight: 500; font-size: 14px;\">A partir de 900 Blinks</span>\n      </div>\n      \n      <div style=\"display: flex; align-items: center;\">\n        <i class=\"fas fa-clock\" style=\"color: #777; margin-right: 4px; font-size: 14px;\"></i>\n        <span style=\"color: #777; font-size: 14px;\">~10 min</span>\n      </div>\n    </div>\n  </div>\n</div>",
                                                "_margin": {
                                                    "unit": "px",
                                                    "top": "0",
                                                    "right": "0",
                                                    "bottom": "0",
                                                    "left": "0"
                                                },
                                                "_padding": {
                                                    "unit": "px",
                                                    "top": "0",
                                                    "right": "0",
                                                    "bottom": "0",
                                                    "left": "0"
                                                }
                                            },
                                            "widgetType": "text-editor"
                                        }
                                    ]
                                },
                                {
                                    "id": "serv-card5-col",
                                    "elType": "column",
                                    "settings": {
                                        "_column_size": 33,
                                        "_inline_size": null,
                                        "padding": {
                                            "unit": "px",
                                            "top": "10",
                                            "right": "10",
                                            "bottom": "10",
                                            "left": "10"
                                        }
                                    },
                                    "elements": [
                                        {
                                            "id": "serv-card5",
                                            "elType": "widget",
                                            "settings": {
                                                "editor": "<div class=\"clipup-card clipup-animate\" style=\"background-color: #fff; border-radius: 12px; overflow: hidden; box-shadow: 0 4px 8px rgba(0, 0, 0, 0.05); height: 100%;\">\n  <div style=\"position: relative; height: 200px; overflow: hidden;\">\n    <div style=\"position: absolute; top: 12px; right: 12px; background-color: #00bfa5; color: white; font-size: 12px; font-weight: 700; padding: 4px 8px; border-radius: 100px; z-index: 10;\">Storytelling</div>\n    \n    <img src=\"https://images.unsplash.com/photo-1494790108377-be9c29b29330?w=600&h=400&fit=crop\" alt=\"Cases de Sucesso\" style=\"width: 100%; height: 100%; object-fit: cover; transition: transform 0.5s ease;\">\n    \n    <div style=\"position: absolute; bottom: 0; left: 0; right: 0; height: 50%; background-image: linear-gradient(to top, rgba(255,255,255,1), rgba(255,255,255,0));\"></div>\n    \n    <div class=\"clipup-overlay\" style=\"position: absolute; inset: 0; background-color: rgba(var(--e-global-color-primary-rgb), 0.3); backdrop-filter: blur(2px); opacity: 0; transition: opacity 0.3s ease; display: flex; align-items: center; justify-content: center;\">\n      <div style=\"background-color: white; border-radius: 100%; width: 48px; height: 48px; display: flex; align-items: center; justify-content: center;\">\n        <i class=\"fas fa-play\" style=\"color: var(--e-global-color-primary); font-size: 16px;\"></i>\n      </div>\n    </div>\n  </div>\n  \n  <div style=\"padding: 24px;\">\n    <h3 style=\"font-size: 20px; font-weight: 700; margin-bottom: 8px;\">Cases de Sucesso</h3>\n    <p style=\"color: #666; margin-bottom: 16px;\">Demonstre o valor real do seu produto com histórias inspiradoras de clientes satisfeitos.</p>\n    \n    <div style=\"display: flex; flex-wrap: wrap; gap: 16px;\">\n      <div style=\"display: flex; align-items: center;\">\n        <i class=\"fas fa-dollar-sign\" style=\"color: var(--e-global-color-primary); margin-right: 4px; font-size: 14px;\"></i>\n        <span style=\"color: var(--e-global-color-primary); font-weight: 500; font-size: 14px;\">A partir de 1000 Blinks</span>\n      </div>\n      \n      <div style=\"display: flex; align-items: center;\">\n        <i class=\"fas fa-clock\" style=\"color: #777; margin-right: 4px; font-size: 14px;\"></i>\n        <span style=\"color: #777; font-size: 14px;\">~15 min</span>\n      </div>\n    </div>\n  </div>\n</div>",
                                                "_margin": {
                                                    "unit": "px",
                                                    "top": "0",
                                                    "right": "0",
                                                    "bottom": "0",
                                                    "left": "0"
                                                },
                                                "_padding": {
                                                    "unit": "px",
                                                    "top": "0",
                                                    "right": "0",
                                                    "bottom": "0",
                                                    "left": "0"
                                                }
                                            },
                                            "widgetType": "text-editor"
                                        }
                                    ]
                                },
                                {
                                    "id": "serv-card-plus-col",
                                    "elType": "column",
                                    "settings": {
                                        "_column_size": 33,
                                        "_inline_size": null,
                                        "padding": {
                                            "unit": "px",
                                            "top": "10",
                                            "right": "10",
                                            "bottom": "10",
                                            "left": "10"
                                        }
                                    },
                                    "elements": [
                                        {
                                            "id": "serv-card-plus",
                                            "elType": "widget",
                                            "settings": {
                                                "editor": "<div class=\"clipup-card clipup-animate\" style=\"background-color: #f8f9fa; border-radius: 12px; overflow: hidden; box-shadow: 0 4px 8px rgba(0, 0, 0, 0.05); height: 100%; display: flex; flex-direction: column; align-items: center; justify-content: center; padding: 24px; min-height: 295px; position: relative;\">\n  <div style=\"position: absolute; inset: 0; background: linear-gradient(135deg, rgba(var(--e-global-color-primary-rgb), 0.05) 0%, transparent 100%); opacity: 0; transition: opacity 0.3s ease;\" class=\"clipup-overlay\"></div>\n  \n  <div style=\"color: var(--e-global-color-primary); font-size: 40px; margin-bottom: 16px; z-index: 2;\" class=\"clipup-rotate-slow\">\n    <i class=\"fas fa-plus-circle\" style=\"font-size: 60px;\"></i>\n  </div>\n  \n  <h3 style=\"font-size: 20px; font-weight: 700; margin-bottom: 8px; text-align: center; z-index: 2;\">Soluções Personalizadas</h3>\n  <p style=\"color: #666; text-align: center; margin-bottom: 16px; z-index: 2;\">Conte com formatos exclusivos desenvolvidos especificamente para as necessidades da sua empresa.</p>\n  \n  <a href=\"#\" style=\"color: var(--e-global-color-primary); font-weight: 500; display: inline-flex; align-items: center; text-decoration: none; z-index: 2;\" class=\"clipup-hover\">\n    Consultar especialista\n    <i class=\"fas fa-arrow-right\" style=\"margin-left: 5px; font-size: 12px; transition: transform 0.3s ease;\"></i>\n  </a>\n</div>",
                                                "_margin": {
                                                    "unit": "px",
                                                    "top": "0",
                                                    "right": "0",
                                                    "bottom": "0",
                                                    "left": "0"
                                                },
                                                "_padding": {
                                                    "unit": "px",
                                                    "top": "0",
                                                    "right": "0",
                                                    "bottom": "0",
                                                    "left": "0"
                                                }
                                            },
                                            "widgetType": "text-editor"
                                        }
                                    ]
                                }
                            ]
                        },
                        {
                            "id": "serv-badges123",
                            "elType": "section",
                            "settings": {
                                "structure": "10",
                                "margin": {
                                    "unit": "px",
                                    "top": "30",
                                    "right": "0",
                                    "bottom": "0",
                                    "left": "0"
                                }
                            },
                            "elements": [
                                {
                                    "id": "serv-badges-col",
                                    "elType": "column",
                                    "settings": {
                                        "_column_size": 100,
                                        "_inline_size": null
                                    },
                                    "elements": [
                                        {
                                            "id": "serv-badges-content",
                                            "elType": "widget",
                                            "settings": {
                                                "editor": "<div style=\"display: flex; flex-wrap: wrap; justify-content: center; gap: 16px;\" class=\"clipup-animate\">\n  <div style=\"background-color: #fff; border-radius: 100px; padding: 8px 20px; display: flex; align-items: center; gap: 8px;\">\n    <div style=\"width: 12px; height: 12px; border-radius: 50%; background-color: #9c27b0;\"></div>\n    <span style=\"font-size: 14px; color: #555;\">+ Credibilidade</span>\n  </div>\n  \n  <div style=\"background-color: #fff; border-radius: 100px; padding: 8px 20px; display: flex; align-items: center; gap: 8px;\">\n    <div style=\"width: 12px; height: 12px; border-radius: 50%; background-color: #4caf50;\"></div>\n    <span style=\"font-size: 14px; color: #555;\">Alta conversão</span>\n  </div>\n  \n  <div style=\"background-color: #fff; border-radius: 100px; padding: 8px 20px; display: flex; align-items: center; gap: 8px;\">\n    <div style=\"width: 12px; height: 12px; border-radius: 50%; background-color: #ff9800;\"></div>\n    <span style=\"font-size: 14px; color: #555;\">Engajamento</span>\n  </div>\n  \n  <div style=\"background-color: #fff; border-radius: 100px; padding: 8px 20px; display: flex; align-items: center; gap: 8px;\">\n    <div style=\"width: 12px; height: 12px; border-radius: 50%; background-color: #2196f3;\"></div>\n    <span style=\"font-size: 14px; color: #555;\">Autenticidade</span>\n  </div>\n  \n  <div style=\"background-color: #fff; border-radius: 100px; padding: 8px 20px; display: flex; align-items: center; gap: 8px;\">\n    <div style=\"width: 12px; height: 12px; border-radius: 50%; background-color: #00bfa5;\"></div>\n    <span style=\"font-size: 14px; color: #555;\">Storytelling</span>\n  </div>\n</div>",
                                                "_margin": {
                                                    "unit": "px",
                                                    "top": "0",
                                                    "right": "0",
                                                    "bottom": "0",
                                                    "left": "0"
                                                },
                                                "_padding": {
                                                    "unit": "px",
                                                    "top": "0",
                                                    "right": "0",
                                                    "bottom": "0",
                                                    "left": "0"
                                                }
                                            },
                                            "widgetType": "text-editor"
                                        }
                                    ]
                                }
                            ]
                        }
                    ]
                }
            ]
        }
    ]
}