{
    "version": "0.4",
    "title": "ClipUp - Home",
    "type": "page",
    "content": [
        {
            "id": "123456a",
            "settings": {
                "layout": "full_width",
                "gap": "no",
                "padding": {
                    "unit": "px",
                    "top": "80",
                    "right": "0",
                    "bottom": "40",
                    "left": "0",
                    "isLinked": false
                },
                "padding_tablet": {
                    "unit": "px",
                    "top": "60",
                    "right": "0",
                    "bottom": "40",
                    "left": "0",
                    "isLinked": false
                },
                "padding_mobile": {
                    "unit": "px",
                    "top": "40",
                    "right": "0",
                    "bottom": "30",
                    "left": "0",
                    "isLinked": false
                },
                "background_background": "classic",
                "background_color": "#FFFFFF",
                "css_classes": "clipup-hero-gradient"
            },
            "elements": [
                {
                    "id": "123456b",
                    "settings": {
                        "structure": "20",
                        "content_width": {
                            "unit": "px",
                            "size": 1140,
                            "sizes": []
                        },
                        "margin": {
                            "unit": "px",
                            "top": "0",
                            "right": "0",
                            "bottom": "0",
                            "left": "0",
                            "isLinked": false
                        },
                        "padding": {
                            "unit": "px",
                            "top": "0",
                            "right": "20",
                            "bottom": "0",
                            "left": "20",
                            "isLinked": false
                        }
                    },
                    "elements": [
                        {
                            "id": "123456c",
                            "settings": {
                                "_column_size": 50,
                                "_inline_size": null,
                                "padding": {
                                    "unit": "px",
                                    "top": "20",
                                    "right": "20",
                                    "bottom": "20",
                                    "left": "20",
                                    "isLinked": true
                                },
                                "animation": "fadeInLeft",
                                "animation_duration": "slow",
                                "animation_delay": 0
                            },
                            "elements": [
                                {
                                    "id": "123456d",
                                    "settings": {
                                        "title": "<span style=\"color: var(--e-global-color-primary);\">Sua marca</span> merece ser contada por quem inspira confiança",
                                        "header_size": "h1",
                                        "align": "left",
                                        "title_color": "#222222",
                                        "typography_typography": "custom",
                                        "typography_font_size": {
                                            "unit": "px",
                                            "size": 42,
                                            "sizes": []
                                        },
                                        "typography_font_weight": "700",
                                        "typography_line_height": {
                                            "unit": "em",
                                            "size": 1.2,
                                            "sizes": []
                                        },
                                        "_margin": {
                                            "unit": "px",
                                            "top": "0",
                                            "right": "0",
                                            "bottom": "20",
                                            "left": "0",
                                            "isLinked": false
                                        },
                                        "typography_font_size_tablet": {
                                            "unit": "px",
                                            "size": 36,
                                            "sizes": []
                                        },
                                        "typography_font_size_mobile": {
                                            "unit": "px",
                                            "size": 28,
                                            "sizes": []
                                        },
                                        "css_classes": "clipup-animate"
                                    },
                                    "elements": [],
                                    "isInner": false,
                                    "widgetType": "heading",
                                    "elType": "widget"
                                },
                                {
                                    "id": "123456e",
                                    "settings": {
                                        "editor": "<p>Conecte-se com criadores profissionais e leve sua empresa até o seu público com vídeos autênticos, diretos e que convertem.</p>",
                                        "align": "left",
                                        "text_color": "#666666",
                                        "typography_typography": "custom",
                                        "typography_font_size": {
                                            "unit": "px",
                                            "size": 18,
                                            "sizes": []
                                        },
                                        "typography_line_height": {
                                            "unit": "em",
                                            "size": 1.6,
                                            "sizes": []
                                        },
                                        "_margin": {
                                            "unit": "px",
                                            "top": "0",
                                            "right": "0",
                                            "bottom": "30",
                                            "left": "0",
                                            "isLinked": false
                                        },
                                        "css_classes": "clipup-animate"
                                    },
                                    "elements": [],
                                    "isInner": false,
                                    "widgetType": "text-editor",
                                    "elType": "widget"
                                },
                                {
                                    "id": "123456f",
                                    "settings": {
                                        "structure": "20",
                                        "margin": {
                                            "unit": "px",
                                            "top": "0",
                                            "right": "0",
                                            "bottom": "30",
                                            "left": "0",
                                            "isLinked": false
                                        },
                                        "css_classes": "clipup-animate"
                                    },
                                    "elements": [
                                        {
                                            "id": "123456g",
                                            "settings": {
                                                "_column_size": 50,
                                                "_inline_size": null,
                                                "padding": {
                                                    "unit": "px",
                                                    "top": "0",
                                                    "right": "10",
                                                    "bottom": "0",
                                                    "left": "0",
                                                    "isLinked": false
                                                },
                                                "padding_tablet": {
                                                    "unit": "px",
                                                    "top": "0",
                                                    "right": "0",
                                                    "bottom": "10",
                                                    "left": "0",
                                                    "isLinked": false
                                                }
                                            },
                                            "elements": [
                                                {
                                                    "id": "123456h",
                                                    "settings": {
                                                        "text": "Começar Agora",
                                                        "size": "lg",
                                                        "icon": "fa fa-arrow-right",
                                                        "icon_align": "right",
                                                        "button_text_color": "#FFFFFF",
                                                        "background_color": "var(--e-global-color-primary)",
                                                        "hover_color": "#FFFFFF",
                                                        "hover_background_color": "#000000",
                                                        "border_radius": {
                                                            "unit": "px",
                                                            "top": "8",
                                                            "right": "8",
                                                            "bottom": "8",
                                                            "left": "8",
                                                            "isLinked": true
                                                        },
                                                        "text_padding": {
                                                            "unit": "px",
                                                            "top": "15",
                                                            "right": "30",
                                                            "bottom": "15",
                                                            "left": "30",
                                                            "isLinked": false
                                                        },
                                                        "css_classes": "clipup-button-hover"
                                                    },
                                                    "elements": [],
                                                    "isInner": false,
                                                    "widgetType": "button",
                                                    "elType": "widget"
                                                }
                                            ],
                                            "isInner": true,
                                            "elType": "column"
                                        },
                                        {
                                            "id": "123456i",
                                            "settings": {
                                                "_column_size": 50,
                                                "_inline_size": null,
                                                "padding": {
                                                    "unit": "px",
                                                    "top": "0",
                                                    "right": "0",
                                                    "bottom": "0",
                                                    "left": "10",
                                                    "isLinked": false
                                                },
                                                "padding_tablet": {
                                                    "unit": "px",
                                                    "top": "0",
                                                    "right": "0",
                                                    "bottom": "0",
                                                    "left": "0",
                                                    "isLinked": false
                                                }
                                            },
                                            "elements": [
                                                {
                                                    "id": "123456j",
                                                    "settings": {
                                                        "text": "Como Funciona",
                                                        "size": "lg",
                                                        "icon": "fa fa-play-circle",
                                                        "icon_align": "right",
                                                        "typography_typography": "custom",
                                                        "typography_line_height": {
                                                            "unit": "em",
                                                            "size": 1,
                                                            "sizes": []
                                                        },
                                                        "button_text_color": "#222222",
                                                        "background_color": "#FFFFFF",
                                                        "hover_color": "var(--e-global-color-primary)",
                                                        "hover_background_color": "#FFFFFF",
                                                        "border_border": "solid",
                                                        "border_width": {
                                                            "unit": "px",
                                                            "top": "1",
                                                            "right": "1",
                                                            "bottom": "1",
                                                            "left": "1",
                                                            "isLinked": true
                                                        },
                                                        "border_color": "#DDDDDD",
                                                        "border_radius": {
                                                            "unit": "px",
                                                            "top": "8",
                                                            "right": "8",
                                                            "bottom": "8",
                                                            "left": "8",
                                                            "isLinked": true
                                                        },
                                                        "text_padding": {
                                                            "unit": "px",
                                                            "top": "15",
                                                            "right": "30",
                                                            "bottom": "15",
                                                            "left": "30",
                                                            "isLinked": false
                                                        },
                                                        "css_classes": "clipup-button-hover"
                                                    },
                                                    "elements": [],
                                                    "isInner": false,
                                                    "widgetType": "button",
                                                    "elType": "widget"
                                                }
                                            ],
                                            "isInner": true,
                                            "elType": "column"
                                        }
                                    ],
                                    "isInner": true,
                                    "elType": "section"
                                },
                                {
                                    "id": "123456k",
                                    "settings": {
                                        "content_width": {
                                            "unit": "px",
                                            "size": "",
                                            "sizes": []
                                        },
                                        "gap": "no",
                                        "structure": "10",
                                        "background_background": "classic",
                                        "background_color": "#FFFFFF96",
                                        "border_radius": {
                                            "unit": "px",
                                            "top": "12",
                                            "right": "12",
                                            "bottom": "12",
                                            "left": "12",
                                            "isLinked": true
                                        },
                                        "box_shadow_box_shadow_type": "yes",
                                        "box_shadow_box_shadow": {
                                            "horizontal": 0,
                                            "vertical": 10,
                                            "blur": 30,
                                            "spread": 0,
                                            "color": "rgba(0, 0, 0, 0.05)"
                                        },
                                        "margin": {
                                            "unit": "px",
                                            "top": "30",
                                            "right": "0",
                                            "bottom": "0",
                                            "left": "0",
                                            "isLinked": false
                                        },
                                        "padding": {
                                            "unit": "px",
                                            "top": "15",
                                            "right": "15",
                                            "bottom": "15",
                                            "left": "15",
                                            "isLinked": true
                                        },
                                        "css_classes": "clipup-animate"
                                    },
                                    "elements": [
                                        {
                                            "id": "123456l",
                                            "settings": {
                                                "_column_size": 100,
                                                "_inline_size": null
                                            },
                                            "elements": [
                                                {
                                                    "id": "123456m",
                                                    "settings": {
                                                        "text": "250+ empresas ampliaram alcance com vídeos",
                                                        "align": "left",
                                                        "typography_typography": "custom",
                                                        "typography_font_size": {
                                                            "unit": "px",
                                                            "size": 14,
                                                            "sizes": []
                                                        },
                                                        "typography_font_weight": "500",
                                                        "text_color": "#666666",
                                                        "_padding": {
                                                            "unit": "px",
                                                            "top": "0",
                                                            "right": "0",
                                                            "bottom": "0",
                                                            "left": "10",
                                                            "isLinked": false
                                                        },
                                                        "_element_width": "auto",
                                                        "icon": "fa fa-check-circle",
                                                        "selected_icon": {
                                                            "value": "fas fa-check-circle",
                                                            "library": "fa-solid"
                                                        },
                                                        "icon_color": "var(--e-global-color-primary)",
                                                        "icon_size": {
                                                            "unit": "px",
                                                            "size": 16,
                                                            "sizes": []
                                                        },
                                                        "_margin": {
                                                            "unit": "px",
                                                            "top": "0",
                                                            "right": "0",
                                                            "bottom": "0",
                                                            "left": "0",
                                                            "isLinked": false
                                                        }
                                                    },
                                                    "elements": [],
                                                    "isInner": false,
                                                    "widgetType": "icon-list",
                                                    "elType": "widget"
                                                }
                                            ],
                                            "isInner": true,
                                            "elType": "column"
                                        }
                                    ],
                                    "isInner": true,
                                    "elType": "section"
                                }
                            ],
                            "isInner": false,
                            "elType": "column"
                        },
                        {
                            "id": "123456n",
                            "settings": {
                                "_column_size": 50,
                                "_inline_size": null,
                                "padding": {
                                    "unit": "px",
                                    "top": "20",
                                    "right": "20",
                                    "bottom": "20",
                                    "left": "20",
                                    "isLinked": true
                                },
                                "animation": "fadeInRight",
                                "animation_duration": "slow",
                                "animation_delay": 300
                            },
                            "elements": [
                                {
                                    "id": "123456o",
                                    "settings": {
                                        "image": {
                                            "url": "https://images.unsplash.com/photo-1594909122845-11baa439b7bf?w=600&h=800&fit=crop",
                                            "id": ""
                                        },
                                        "image_size": "large",
                                        "css_classes": "clipup-hero-image",
                                        "hover_animation": "grow",
                                        "width": {
                                            "unit": "%",
                                            "size": 100,
                                            "sizes": []
                                        },
                                        "space": {
                                            "unit": "%",
                                            "size": 0,
                                            "sizes": []
                                        },
                                        "_element_width": "initial",
                                        "_position": "relative",
                                        "border_radius": {
                                            "unit": "px",
                                            "top": "16",
                                            "right": "16",
                                            "bottom": "16",
                                            "left": "16",
                                            "isLinked": true
                                        },
                                        "box_shadow_box_shadow_type": "yes",
                                        "box_shadow_box_shadow": {
                                            "horizontal": 0,
                                            "vertical": 20,
                                            "blur": 50,
                                            "spread": 0,
                                            "color": "rgba(0, 0, 0, 0.1)"
                                        }
                                    },
                                    "elements": [],
                                    "isInner": false,
                                    "widgetType": "image",
                                    "elType": "widget"
                                },
                                {
                                    "id": "123456p",
                                    "settings": {
                                        "editor": "<div style=\"position: absolute; top: 40px; right: -20px; background-color: #fff; padding: 15px; border-radius: 10px; border: 1px solid #eee; box-shadow: 0 10px 30px rgba(0,0,0,0.08); transform: rotate(6deg);\" class=\"clipup-float\">\n  <p style=\"margin: 0; font-size: 13px; color: #666;\">Impacto em vendas</p>\n  <p style=\"margin: 5px 0 0; font-size: 24px; font-weight: 700; color: var(--e-global-color-primary);\">+27,8%</p>\n</div>\n\n<div style=\"position: absolute; bottom: -20px; left: -20px; background-color: var(--e-global-color-primary); width: 60px; height: 60px; border-radius: 50%; display: flex; align-items: center; justify-content: center; box-shadow: 0 10px 20px rgba(0,0,0,0.1);\" class=\"clipup-rotate\">\n  <i class=\"fas fa-video\" style=\"color: #fff; font-size: 24px;\"></i>\n</div>",
                                        "_margin": {
                                            "unit": "px",
                                            "top": "-20",
                                            "right": "0",
                                            "bottom": "0",
                                            "left": "0",
                                            "isLinked": false
                                        },
                                        "_element_width": "initial",
                                        "css_classes": "clipup-hero-floating"
                                    },
                                    "elements": [],
                                    "isInner": false,
                                    "widgetType": "text-editor",
                                    "elType": "widget"
                                },
                                {
                                    "id": "123456q",
                                    "settings": {
                                        "html": "<div class=\"clipup-blob-1 clipup-pulse\"></div>\n<div class=\"clipup-blob-2 clipup-pulse\"></div>"
                                    },
                                    "elements": [],
                                    "isInner": false,
                                    "widgetType": "html",
                                    "elType": "widget"
                                }
                            ],
                            "isInner": false,
                            "elType": "column"
                        }
                    ],
                    "isInner": false,
                    "elType": "section"
                },
                {
                    "id": "123456r",
                    "settings": {
                        "structure": "40",
                        "margin": {
                            "unit": "px",
                            "top": "60",
                            "right": "0",
                            "bottom": "0",
                            "left": "0",
                            "isLinked": false
                        },
                        "padding": {
                            "unit": "px",
                            "top": "0",
                            "right": "20",
                            "bottom": "0",
                            "left": "20",
                            "isLinked": false
                        },
                        "animation": "fadeIn",
                        "animation_duration": "slow",
                        "animation_delay": 800
                    },
                    "elements": [
                        {
                            "id": "123456s",
                            "settings": {
                                "_column_size": 25,
                                "_inline_size": null,
                                "padding": {
                                    "unit": "px",
                                    "top": "10",
                                    "right": "10",
                                    "bottom": "10",
                                    "left": "10",
                                    "isLinked": true
                                }
                            },
                            "elements": [
                                {
                                    "id": "123456t",
                                    "settings": {
                                        "title": "Conversão em Páginas",
                                        "header_size": "h5",
                                        "title_color": "#888888",
                                        "typography_typography": "custom",
                                        "typography_font_size": {
                                            "unit": "px",
                                            "size": 14,
                                            "sizes": []
                                        },
                                        "typography_font_weight": "400",
                                        "_margin": {
                                            "unit": "px",
                                            "top": "0",
                                            "right": "0",
                                            "bottom": "5",
                                            "left": "0",
                                            "isLinked": false
                                        },
                                        "_padding": {
                                            "unit": "px",
                                            "top": "0",
                                            "right": "0",
                                            "bottom": "0",
                                            "left": "0",
                                            "isLinked": false
                                        },
                                        "css_classes": "clipup-stat-title"
                                    },
                                    "elements": [],
                                    "isInner": false,
                                    "widgetType": "heading",
                                    "elType": "widget"
                                },
                                {
                                    "id": "123456u",
                                    "settings": {
                                        "title": "+70%",
                                        "header_size": "h3",
                                        "title_color": "var(--e-global-color-primary)",
                                        "typography_typography": "custom",
                                        "typography_font_size": {
                                            "unit": "px",
                                            "size": 28,
                                            "sizes": []
                                        },
                                        "typography_font_weight": "700",
                                        "_margin": {
                                            "unit": "px",
                                            "top": "0",
                                            "right": "0",
                                            "bottom": "0",
                                            "left": "0",
                                            "isLinked": false
                                        },
                                        "css_classes": "clipup-counter"
                                    },
                                    "elements": [],
                                    "isInner": false,
                                    "widgetType": "heading",
                                    "elType": "widget"
                                }
                            ],
                            "isInner": false,
                            "elType": "column"
                        }
                    ],
                    "isInner": false,
                    "elType": "section"
                }
            ],
            "page_settings": {
                "hide_title": "yes",
                "template": "elementor_header_footer"
            }
        }
    ],
    "page_settings": {
        "hide_title": "yes",
        "template": "elementor_header_footer"
    }
}